split,symbol,timeframe,strategy_type,strategy_id,holding_bars,cost_scenario,d1_trade_count,d2_trade_count,trade_count_delta,d1_average_net_return,d2_average_net_return,average_net_return_delta
development,BTCUSDT,1h,baseline,always_flat,,base_30bps,0,0,0,,,
development,BTCUSDT,1h,baseline,always_flat,,high_50bps,0,0,0,,,
development,BTCUSDT,1h,baseline,always_flat,,low_20bps,0,0,0,,,
development,BTCUSDT,1h,baseline,periodic_entry_baseline,12,base_30bps,82,82,0,-0.0033018732872243037,-0.0033018732872243037,0
development,BTCUSDT,1h,baseline,periodic_entry_baseline,12,high_50bps,82,82,0,-0.0052932796278640643,-0.0052932796278640643,0
development,BTCUSDT,1h,baseline,periodic_entry_baseline,12,low_20bps,82,82,0,-0.0023046760633009741,-0.0023046760633009741,0
development,BTCUSDT,1h,baseline,periodic_entry_baseline,24,base_30bps,82,82,0,-0.0022070144565537017,-0.0022070144565537017,0
development,BTCUSDT,1h,baseline,periodic_entry_baseline,24,high_50bps,82,82,0,-0.0042006083289636825,-0.0042006083289636825,0
development,BTCUSDT,1h,baseline,periodic_entry_baseline,24,low_20bps,82,82,0,-0.0012087218255484365,-0.0012087218255484365,0
development,BTCUSDT,1h,baseline,periodic_entry_baseline,4,base_30bps,82,82,0,-0.0050301414942385773,-0.0050301414942385773,0
development,BTCUSDT,1h,baseline,periodic_entry_baseline,4,high_50bps,82,82,0,-0.0070180947489604257,-0.0070180947489604257,0
development,BTCUSDT,1h,baseline,periodic_entry_baseline,4,low_20bps,82,82,0,-0.0040346734039536439,-0.0040346734039536439,0
development,BTCUSDT,1h,baseline,segment_buy_and_hold,,base_30bps,4,4,0,-0.12015366043561787,-0.12015366043561787,0
development,BTCUSDT,1h,baseline,segment_buy_and_hold,,high_50bps,4,4,0,-0.12191159649713723,-0.12191159649713723,0
development,BTCUSDT,1h,baseline,segment_buy_and_hold,,low_20bps,4,4,0,-0.11927337351244835,-0.11927337351244835,0
development,BTCUSDT,1h,signal,breakout_close_above_prior_high_20,12,base_30bps,253,253,0,-0.0039101168098845188,-0.0039101168098845188,0
development,BTCUSDT,1h,signal,breakout_close_above_prior_high_20,12,high_50bps,253,253,0,-0.0059003078778401882,-0.0059003078778401882,0
development,BTCUSDT,1h,signal,breakout_close_above_prior_high_20,12,low_20bps,253,253,0,-0.0029135281340621397,-0.0029135281340621397,0
development,BTCUSDT,1h,signal,breakout_close_above_prior_high_20,24,base_30bps,198,198,0,-0.002548902121909996,-0.002548902121909996,0
development,BTCUSDT,1h,signal,breakout_close_above_prior_high_20,24,high_50bps,198,198,0,-0.0045418129015696905,-0.0045418129015696905,0
development,BTCUSDT,1h,signal,breakout_close_above_prior_high_20,24,low_20bps,198,198,0,-0.0015509515497705497,-0.0015509515497705497,0
development,BTCUSDT,1h,signal,breakout_close_above_prior_high_20,4,base_30bps,313,313,0,-0.0031602696392256753,-0.0031602696392256753,0
development,BTCUSDT,1h,signal,breakout_close_above_prior_high_20,4,high_50bps,313,313,0,-0.0051519589044490503,-0.0051519589044490503,0
development,BTCUSDT,1h,signal,breakout_close_above_prior_high_20,4,low_20bps,313,313,0,-0.002162930740746213,-0.002162930740746213,0
development,BTCUSDT,1h,signal,mean_reversion_close_2pct_below_sma20,12,base_30bps,246,246,0,-0.0049748349052597006,-0.0049748349052597006,0
development,BTCUSDT,1h,signal,mean_reversion_close_2pct_below_sma20,12,high_50bps,246,246,0,-0.0069628986627396161,-0.0069628986627396161,0
development,BTCUSDT,1h,signal,mean_reversion_close_2pct_below_sma20,12,low_20bps,246,246,0,-0.003979311480690962,-0.003979311480690962,0
development,BTCUSDT,1h,signal,mean_reversion_close_2pct_below_sma20,24,base_30bps,170,170,0,-0.0049808864425998443,-0.0049808864425998443,0
development,BTCUSDT,1h,signal,mean_reversion_close_2pct_below_sma20,24,high_50bps,170,170,0,-0.006968938109087012,-0.006968938109087012,0
development,BTCUSDT,1h,signal,mean_reversion_close_2pct_below_sma20,24,low_20bps,170,170,0,-0.0039853690725987706,-0.0039853690725987706,0
development,BTCUSDT,1h,signal,mean_reversion_close_2pct_below_sma20,4,base_30bps,436,436,0,-0.0033398053122730281,-0.0033398053122730281,0
development,BTCUSDT,1h,signal,mean_reversion_close_2pct_below_sma20,4,high_50bps,436,436,0,-0.005331135864594186,-0.005331135864594186,0
development,BTCUSDT,1h,signal,mean_reversion_close_2pct_below_sma20,4,low_20bps,436,436,0,-0.0023426460393692105,-0.0023426460393692105,0
development,BTCUSDT,1h,signal,mean_reversion_rsi14_below_30,12,base_30bps,160,160,0,-0.0045119917502373661,-0.0045119917502373661,0
development,BTCUSDT,1h,signal,mean_reversion_rsi14_below_30,12,high_50bps,160,160,0,-0.0065009802699586648,-0.0065009802699586648,0
development,BTCUSDT,1h,signal,mean_reversion_rsi14_below_30,12,low_20bps,160,160,0,-0.0035160052507445987,-0.0035160052507445987,0
development,BTCUSDT,1h,signal,mean_reversion_rsi14_below_30,24,base_30bps,116,116,0,-0.0081334276641881146,-0.0081334276641881146,0
development,BTCUSDT,1h,signal,mean_reversion_rsi14_below_30,24,high_50bps,116,116,0,-0.010115180542296409,-0.010115180542296409,0
development,BTCUSDT,1h,signal,mean_reversion_rsi14_below_30,24,low_20bps,116,116,0,-0.0071410644140455963,-0.0071410644140455963,0
development,BTCUSDT,1h,signal,mean_reversion_rsi14_below_30,4,base_30bps,261,261,0,-0.0029804243684227612,-0.0029804243684227612,0
development,BTCUSDT,1h,signal,mean_reversion_rsi14_below_30,4,high_50bps,261,261,0,-0.0049724729651257696,-0.0049724729651257696,0
development,BTCUSDT,1h,signal,mean_reversion_rsi14_below_30,4,low_20bps,261,261,0,-0.0019829055346148538,-0.0019829055346148538,0
development,BTCUSDT,1h,signal,momentum_return_12_positive,12,base_30bps,753,753,0,-0.0032581974080866873,-0.0032581974080866873,0
development,BTCUSDT,1h,signal,momentum_return_12_positive,12,high_50bps,753,753,0,-0.0052496910132856268,-0.0052496910132856268,0
development,BTCUSDT,1h,signal,momentum_return_12_positive,12,low_20bps,753,753,0,-0.0022609564864134687,-0.0022609564864134687,0
development,BTCUSDT,1h,signal,momentum_return_12_positive,24,base_30bps,440,440,0,-0.0051054552346448141,-0.0051054552346448141,0
development,BTCUSDT,1h,signal,momentum_return_12_positive,24,high_50bps,440,440,0,-0.0070932580122501096,-0.0070932580122501096,0
development,BTCUSDT,1h,signal,momentum_return_12_positive,24,low_20bps,440,440,0,-0.0041100624958136794,-0.0041100624958136794,0
development,BTCUSDT,1h,signal,momentum_return_12_positive,4,base_30bps,1640,1640,0,-0.0033197683318886358,-0.0033197683318886358,0
development,BTCUSDT,1h,signal,momentum_return_12_positive,4,high_50bps,1640,1640,0,-0.0053111389181666364,-0.0053111389181666364,0
development,BTCUSDT,1h,signal,momentum_return_12_positive,4,low_20bps,1640,1640,0,-0.0023225890119709064,-0.0023225890119709064,0
development,BTCUSDT,1h,signal,trend_sma20_cross_above_sma50,12,base_30bps,147,147,0,-0.0015797781509466237,-0.0015797781509466237,0
development,BTCUSDT,1h,signal,trend_sma20_cross_above_sma50,12,high_50bps,147,147,0,-0.0035746252436874202,-0.0035746252436874202,0
development,BTCUSDT,1h,signal,trend_sma20_cross_above_sma50,12,low_20bps,147,147,0,-0.00058085796954676411,-0.00058085796954676411,0
development,BTCUSDT,1h,signal,trend_sma20_cross_above_sma50,24,base_30bps,143,143,0,-0.0021412493488194226,-0.0021412493488194226,0
development,BTCUSDT,1h,signal,trend_sma20_cross_above_sma50,24,high_50bps,143,143,0,-0.0041349746201445273,-0.0041349746201445273,0
development,BTCUSDT,1h,signal,trend_sma20_cross_above_sma50,24,low_20bps,143,143,0,-0.0011428909197744909,-0.0011428909197744909,0
development,BTCUSDT,1h,signal,trend_sma20_cross_above_sma50,4,base_30bps,153,153,0,-0.0014638689192520778,-0.0014638689192520778,0
development,BTCUSDT,1h,signal,trend_sma20_cross_above_sma50,4,high_50bps,153,153,0,-0.0034589475990428973,-0.0034589475990428973,0
development,BTCUSDT,1h,signal,trend_sma20_cross_above_sma50,4,low_20bps,153,153,0,-0.00046483277057889554,-0.00046483277057889554,0
development,BTCUSDT,4h,baseline,always_flat,,base_30bps,0,0,0,,,
development,BTCUSDT,4h,baseline,always_flat,,high_50bps,0,0,0,,,
development,BTCUSDT,4h,baseline,always_flat,,low_20bps,0,0,0,,,
development,BTCUSDT,4h,baseline,periodic_entry_baseline,1,base_30bps,82,82,0,-0.0050301414942385773,-0.0050301414942385773,0
development,BTCUSDT,4h,baseline,periodic_entry_baseline,1,high_50bps,82,82,0,-0.0070180947489604257,-0.0070180947489604257,0
development,BTCUSDT,4h,baseline,periodic_entry_baseline,1,low_20bps,82,82,0,-0.0040346734039536439,-0.0040346734039536439,0
development,BTCUSDT,4h,baseline,periodic_entry_baseline,3,base_30bps,82,82,0,-0.0033018732872243037,-0.0033018732872243037,0
development,BTCUSDT,4h,baseline,periodic_entry_baseline,3,high_50bps,82,82,0,-0.0052932796278640643,-0.0052932796278640643,0
development,BTCUSDT,4h,baseline,periodic_entry_baseline,3,low_20bps,82,82,0,-0.0023046760633009741,-0.0023046760633009741,0
development,BTCUSDT,4h,baseline,periodic_entry_baseline,6,base_30bps,82,82,0,-0.0022070144565537017,-0.0022070144565537017,0
development,BTCUSDT,4h,baseline,periodic_entry_baseline,6,high_50bps,82,82,0,-0.0042006083289636825,-0.0042006083289636825,0
development,BTCUSDT,4h,baseline,periodic_entry_baseline,6,low_20bps,82,82,0,-0.0012087218255484365,-0.0012087218255484365,0
development,BTCUSDT,4h,baseline,segment_buy_and_hold,,base_30bps,4,4,0,-0.12168306518991484,-0.12168306518991484,0
development,BTCUSDT,4h,baseline,segment_buy_and_hold,,high_50bps,4,4,0,-0.12343794549538983,-0.12343794549538983,0
development,BTCUSDT,4h,baseline,segment_buy_and_hold,,low_20bps,4,4,0,-0.1208043084373501,-0.1208043084373501,0
development,BTCUSDT,4h,signal,breakout_close_above_prior_high_20,1,base_30bps,98,98,0,-0.0029587641694148138,-0.0029587641694148138,0
development,BTCUSDT,4h,signal,breakout_close_above_prior_high_20,1,high_50bps,98,98,0,-0.0049508560432711375,-0.0049508560432711375,0
development,BTCUSDT,4h,signal,breakout_close_above_prior_high_20,1,low_20bps,98,98,0,-0.0019612236645615479,-0.0019612236645615479,0
development,BTCUSDT,4h,signal,breakout_close_above_prior_high_20,3,base_30bps,83,83,0,-0.0071672512780785475,-0.0071672512780785475,0
development,BTCUSDT,4h,signal,breakout_close_above_prior_high_20,3,high_50bps,83,83,0,-0.0091509345799830593,-0.0091509345799830593,0
development,BTCUSDT,4h,signal,breakout_close_above_prior_high_20,3,low_20bps,83,83,0,-0.0061739213677364947,-0.0061739213677364947,0
development,BTCUSDT,4h,signal,breakout_close_above_prior_high_20,6,base_30bps,65,65,0,-0.0054915527242999033,-0.0054915527242999033,0
development,BTCUSDT,4h,signal,breakout_close_above_prior_high_20,6,high_50bps,65,65,0,-0.0074785840777714611,-0.0074785840777714611,0
development,BTCUSDT,4h,signal,breakout_close_above_prior_high_20,6,low_20bps,65,65,0,-0.0044965462762969746,-0.0044965462762969746,0
development,BTCUSDT,4h,signal,mean_reversion_close_2pct_below_sma20,1,base_30bps,472,472,0,-0.0033849247064747976,-0.0033849247064747976,0
development,BTCUSDT,4h,signal,mean_reversion_close_2pct_below_sma20,1,high_50bps,472,472,0,-0.0053761651100886565,-0.0053761651100886565,0
development,BTCUSDT,4h,signal,mean_reversion_close_2pct_below_sma20,1,low_20bps,472,472,0,-0.0023878105755587502,-0.0023878105755587502,0
development,BTCUSDT,4h,signal,mean_reversion_close_2pct_below_sma20,3,base_30bps,271,271,0,-0.0042912640933632012,-0.0042912640933632012,0
development,BTCUSDT,4h,signal,mean_reversion_close_2pct_below_sma20,3,high_50bps,271,271,0,-0.0062806936277143739,-0.0062806936277143739,0
development,BTCUSDT,4h,signal,mean_reversion_close_2pct_below_sma20,3,low_20bps,271,271,0,-0.0032950567556840555,-0.0032950567556840555,0
development,BTCUSDT,4h,signal,mean_reversion_close_2pct_below_sma20,6,base_30bps,178,178,0,-0.006383983921758216,-0.006383983921758216,0
development,BTCUSDT,4h,signal,mean_reversion_close_2pct_below_sma20,6,high_50bps,178,178,0,-0.0083692321945781894,-0.0083692321945781894,0
development,BTCUSDT,4h,signal,mean_reversion_close_2pct_below_sma20,6,low_20bps,178,178,0,-0.0053898703518382449,-0.0053898703518382449,0
development,BTCUSDT,4h,signal,mean_reversion_rsi14_below_30,1,base_30bps,129,129,0,-0.0019590195198384923,-0.0019590195198384923,0
development,BTCUSDT,4h,signal,mean_reversion_rsi14_below_30,1,high_50bps,129,129,0,-0.0039531088869987976,-0.0039531088869987976,0
development,BTCUSDT,4h,signal,mean_reversion_rsi14_below_30,1,low_20bps,129,129,0,-0.0009604787697129021,-0.0009604787697129021,0
development,BTCUSDT,4h,signal,mean_reversion_rsi14_below_30,3,base_30bps,87,87,0,-0.0036176275130830951,-0.0036176275130830951,0
development,BTCUSDT,4h,signal,mean_reversion_rsi14_below_30,3,high_50bps,87,87,0,-0.0056084029756760488,-0.0056084029756760488,0
development,BTCUSDT,4h,signal,mean_reversion_rsi14_below_30,3,low_20bps,87,87,0,-0.002620746201499739,-0.002620746201499739,0
development,BTCUSDT,4h,signal,mean_reversion_rsi14_below_30,6,base_30bps,62,62,0,-0.002777740616493204,-0.002777740616493204,0
development,BTCUSDT,4h,signal,mean_reversion_rsi14_below_30,6,high_50bps,62,62,0,-0.0047701941760409502,-0.0047701941760409502,0
development,BTCUSDT,4h,signal,mean_reversion_rsi14_below_30,6,low_20bps,62,62,0,-0.0017800189974393657,-0.0017800189974393657,0
development,BTCUSDT,4h,signal,momentum_return_12_positive,1,base_30bps,826,826,0,-0.0034137987785709729,-0.0034137987785709729,0
development,BTCUSDT,4h,signal,momentum_return_12_positive,1,high_50bps,826,826,0,-0.0054049814916878611,-0.0054049814916878611,0
development,BTCUSDT,4h,signal,momentum_return_12_positive,1,low_20bps,826,826,0,-0.0024167135361857317,-0.0024167135361857317,0
development,BTCUSDT,4h,signal,momentum_return_12_positive,3,base_30bps,459,459,0,-0.0044571086456092791,-0.0044571086456092791,0
development,BTCUSDT,4h,signal,momentum_return_12_positive,3,high_50bps,459,459,0,-0.0064462068219654492,-0.0064462068219654492,0
development,BTCUSDT,4h,signal,momentum_return_12_positive,3,low_20bps,459,459,0,-0.0034610672355291383,-0.0034610672355291383,0
development,BTCUSDT,4h,signal,momentum_return_12_positive,6,base_30bps,293,293,0,-0.0028459947290774752,-0.0028459947290774752,0
development,BTCUSDT,4h,signal,momentum_return_12_positive,6,high_50bps,293,293,0,-0.0048383119166697285,-0.0048383119166697285,0
development,BTCUSDT,4h,signal,momentum_return_12_positive,6,low_20bps,293,293,0,-0.001848341398314501,-0.001848341398314501,0
development,BTCUSDT,4h,signal,trend_sma20_cross_above_sma50,1,base_30bps,38,38,0,-0.0042174075532833439,-0.0042174075532833439,0
development,BTCUSDT,4h,signal,trend_sma20_cross_above_sma50,1,high_50bps,38,38,0,-0.0062069846532597272,-0.0062069846532597272,0
development,BTCUSDT,4h,signal,trend_sma20_cross_above_sma50,1,low_20bps,38,38,0,-0.0032211263220804161,-0.0032211263220804161,0
development,BTCUSDT,4h,signal,trend_sma20_cross_above_sma50,3,base_30bps,38,38,0,-0.0034572193866263009,-0.0034572193866263009,0
development,BTCUSDT,4h,signal,trend_sma20_cross_above_sma50,3,high_50bps,38,38,0,-0.0054483153452165207,-0.0054483153452165207,0
development,BTCUSDT,4h,signal,trend_sma20_cross_above_sma50,3,low_20bps,38,38,0,-0.0024601775865920341,-0.0024601775865920341,0
development,BTCUSDT,4h,signal,trend_sma20_cross_above_sma50,6,base_30bps,38,38,0,-0.0085389884360803896,-0.0085389884360803896,0
development,BTCUSDT,4h,signal,trend_sma20_cross_above_sma50,6,high_50bps,38,38,0,-0.010519931002349004,-0.010519931002349004,0
development,BTCUSDT,4h,signal,trend_sma20_cross_above_sma50,6,low_20bps,38,38,0,-0.0075470309497945864,-0.0075470309497945864,0
development,ETHUSDT,1h,baseline,always_flat,,base_30bps,0,0,0,,,
development,ETHUSDT,1h,baseline,always_flat,,high_50bps,0,0,0,,,
development,ETHUSDT,1h,baseline,always_flat,,low_20bps,0,0,0,,,
development,ETHUSDT,1h,baseline,periodic_entry_baseline,12,base_30bps,82,82,0,-0.0037087879423695867,-0.0037087879423695867,0
development,ETHUSDT,1h,baseline,periodic_entry_baseline,12,high_50bps,82,82,0,-0.005699381266106222,-0.005699381266106222,0
development,ETHUSDT,1h,baseline,periodic_entry_baseline,12,low_20bps,82,82,0,-0.002711997836864139,-0.002711997836864139,0
development,ETHUSDT,1h,baseline,periodic_entry_baseline,24,base_30bps,82,82,0,0.0020979119595234252,0.0020979119595234252,0
development,ETHUSDT,1h,baseline,periodic_entry_baseline,24,high_50bps,82,82,0,9.5716829088364792e-05,9.5716829088364792e-05,0
development,ETHUSDT,1h,baseline,periodic_entry_baseline,24,low_20bps,82,82,0,0.0031005116726393598,0.0031005116726393598,0
development,ETHUSDT,1h,baseline,periodic_entry_baseline,4,base_30bps,82,82,0,-0.0068356484001562551,-0.0068356484001562551,0
development,ETHUSDT,1h,baseline,periodic_entry_baseline,4,high_50bps,82,82,0,-0.0088199942457698501,-0.0088199942457698501,0
development,ETHUSDT,1h,baseline,periodic_entry_baseline,4,low_20bps,82,82,0,-0.0058419867208859295,-0.0058419867208859295,0
development,ETHUSDT,1h,baseline,segment_buy_and_hold,,base_30bps,4,4,0,0.13935811746088395,0.13935811746088395,0
development,ETHUSDT,1h,baseline,segment_buy_and_hold,,high_50bps,4,4,0,0.13708167596013163,0.13708167596013163,0
development,ETHUSDT,1h,baseline,segment_buy_and_hold,,low_20bps,4,4,0,0.14049804611263503,0.14049804611263503,0
development,ETHUSDT,1h,signal,breakout_close_above_prior_high_20,12,base_30bps,289,289,0,-0.0034883152554028426,-0.0034883152554028426,0
development,ETHUSDT,1h,signal,breakout_close_above_prior_high_20,12,high_50bps,289,289,0,-0.0054793490843385861,-0.0054793490843385861,0
development,ETHUSDT,1h,signal,breakout_close_above_prior_high_20,12,low_20bps,289,289,0,-0.0024913045668086007,-0.0024913045668086007,0
development,ETHUSDT,1h,signal,breakout_close_above_prior_high_20,24,base_30bps,225,225,0,-0.0035666812061235869,-0.0035666812061235869,0
development,ETHUSDT,1h,signal,breakout_close_above_prior_high_20,24,high_50bps,225,225,0,-0.0055575584596159128,-0.0055575584596159128,0
development,ETHUSDT,1h,signal,breakout_close_above_prior_high_20,24,low_20bps,225,225,0,-0.0025697489227218709,-0.0025697489227218709,0
development,ETHUSDT,1h,signal,breakout_close_above_prior_high_20,4,base_30bps,394,394,0,-0.0030496173033776829,-0.0030496173033776829,0
development,ETHUSDT,1h,signal,breakout_close_above_prior_high_20,4,high_50bps,394,394,0,-0.0050415276523548313,-0.0050415276523548313,0
development,ETHUSDT,1h,signal,breakout_close_above_prior_high_20,4,low_20bps,394,394,0,-0.0020521676971531435,-0.0020521676971531435,0
development,ETHUSDT,1h,signal,mean_reversion_close_2pct_below_sma20,12,base_30bps,320,320,0,-0.0056389732005817528,-0.0056389732005817528,0
development,ETHUSDT,1h,signal,mean_reversion_close_2pct_below_sma20,12,high_50bps,320,320,0,-0.0076257100074264544,-0.0076257100074264544,0
development,ETHUSDT,1h,signal,mean_reversion_close_2pct_below_sma20,12,low_20bps,320,320,0,-0.0046441142468760027,-0.0046441142468760027,0
development,ETHUSDT,1h,signal,mean_reversion_close_2pct_below_sma20,24,base_30bps,222,222,0,-0.0052756324831434703,-0.0052756324831434703,0
development,ETHUSDT,1h,signal,mean_reversion_close_2pct_below_sma20,24,high_50bps,222,222,0,-0.0072630952460115052,-0.0072630952460115052,0
development,ETHUSDT,1h,signal,mean_reversion_close_2pct_below_sma20,24,low_20bps,222,222,0,-0.0042804100067772039,-0.0042804100067772039,0
development,ETHUSDT,1h,signal,mean_reversion_close_2pct_below_sma20,4,base_30bps,597,597,0,-0.0023735718007950489,-0.0023735718007950489,0
development,ETHUSDT,1h,signal,mean_reversion_close_2pct_below_sma20,4,high_50bps,597,597,0,-0.0043668328910491279,-0.0043668328910491279,0
development,ETHUSDT,1h,signal,mean_reversion_close_2pct_below_sma20,4,low_20bps,597,597,0,-0.0013754458105377208,-0.0013754458105377208,0
development,ETHUSDT,1h,signal,mean_reversion_rsi14_below_30,12,base_30bps,158,158,0,-0.0021450763215358961,-0.0021450763215358961,0
development,ETHUSDT,1h,signal,mean_reversion_rsi14_below_30,12,high_50bps,158,158,0,-0.0041387939465561355,-0.0041387939465561355,0
development,ETHUSDT,1h,signal,mean_reversion_rsi14_below_30,12,low_20bps,158,158,0,-0.0011467217213800432,-0.0011467217213800432,0
development,ETHUSDT,1h,signal,mean_reversion_rsi14_below_30,24,base_30bps,120,120,0,-0.0022753940277420522,-0.0022753940277420522,0
development,ETHUSDT,1h,signal,mean_reversion_rsi14_below_30,24,high_50bps,120,120,0,-0.0042688512775298348,-0.0042688512775298348,0
development,ETHUSDT,1h,signal,mean_reversion_rsi14_below_30,24,low_20bps,120,120,0,-0.001277169810549078,-0.001277169810549078,0
development,ETHUSDT,1h,signal,mean_reversion_rsi14_below_30,4,base_30bps,251,251,0,-0.0024828263827776208,-0.0024828263827776208,0
development,ETHUSDT,1h,signal,mean_reversion_rsi14_below_30,4,high_50bps,251,251,0,-0.0044758691819950635,-0.0044758691819950635,0
development,ETHUSDT,1h,signal,mean_reversion_rsi14_below_30,4,low_20bps,251,251,0,-0.0014848097018115738,-0.0014848097018115738,0
development,ETHUSDT,1h,signal,momentum_return_12_positive,12,base_30bps,750,750,0,-0.0016835047648766431,-0.0016835047648766431,0
development,ETHUSDT,1h,signal,momentum_return_12_positive,12,high_50bps,750,750,0,-0.0036781446114802947,-0.0036781446114802947,0
development,ETHUSDT,1h,signal,momentum_return_12_positive,12,low_20bps,750,750,0,-0.00068468836203190058,-0.00068468836203190058,0
development,ETHUSDT,1h,signal,momentum_return_12_positive,24,base_30bps,446,446,0,-0.0020361025430876908,-0.0020361025430876908,0
development,ETHUSDT,1h,signal,momentum_return_12_positive,24,high_50bps,446,446,0,-0.0040300378980981403,-0.0040300378980981403,0
development,ETHUSDT,1h,signal,momentum_return_12_positive,24,low_20bps,446,446,0,-0.0010376389145847155,-0.0010376389145847155,0
development,ETHUSDT,1h,signal,momentum_return_12_positive,4,base_30bps,1640,1640,0,-0.0024456320646563919,-0.0024456320646563919,0
development,ETHUSDT,1h,signal,momentum_return_12_positive,4,high_50bps,1640,1640,0,-0.0044387491782514376,-0.0044387491782514376,0
development,ETHUSDT,1h,signal,momentum_return_12_positive,4,low_20bps,1640,1640,0,-0.0014475781707471488,-0.0014475781707471488,0
development,ETHUSDT,1h,signal,trend_sma20_cross_above_sma50,12,base_30bps,156,156,0,-0.0038897032610000848,-0.0038897032610000848,0
development,ETHUSDT,1h,signal,trend_sma20_cross_above_sma50,12,high_50bps,156,156,0,-0.0058799351152978019,-0.0058799351152978019,0
development,ETHUSDT,1h,signal,trend_sma20_cross_above_sma50,12,low_20bps,156,156,0,-0.0028930941614067427,-0.0028930941614067427,0
development,ETHUSDT,1h,signal,trend_sma20_cross_above_sma50,24,base_30bps,147,147,0,-0.0050905099844014657,-0.0050905099844014657,0
development,ETHUSDT,1h,signal,trend_sma20_cross_above_sma50,24,high_50bps,147,147,0,-0.0070783426226689958,-0.0070783426226689958,0
development,ETHUSDT,1h,signal,trend_sma20_cross_above_sma50,24,low_20bps,147,147,0,-0.0040951022928362472,-0.0040951022928362472,0
development,ETHUSDT,1h,signal,trend_sma20_cross_above_sma50,4,base_30bps,158,158,0,-0.0023161295407777421,-0.0023161295407777421,0
development,ETHUSDT,1h,signal,trend_sma20_cross_above_sma50,4,high_50bps,158,158,0,-0.0043095054008681268,-0.0043095054008681268,0
development,ETHUSDT,1h,signal,trend_sma20_cross_above_sma50,4,low_20bps,158,158,0,-0.0013179460794961559,-0.0013179460794961559,0
development,ETHUSDT,4h,baseline,always_flat,,base_30bps,0,0,0,,,
development,ETHUSDT,4h,baseline,always_flat,,high_50bps,0,0,0,,,
development,ETHUSDT,4h,baseline,always_flat,,low_20bps,0,0,0,,,
development,ETHUSDT,4h,baseline,periodic_entry_baseline,1,base_30bps,82,82,0,-0.0068356484001562551,-0.0068356484001562551,0
development,ETHUSDT,4h,baseline,periodic_entry_baseline,1,high_50bps,82,82,0,-0.0088199942457698501,-0.0088199942457698501,0
development,ETHUSDT,4h,baseline,periodic_entry_baseline,1,low_20bps,82,82,0,-0.0058419867208859295,-0.0058419867208859295,0
development,ETHUSDT,4h,baseline,periodic_entry_baseline,3,base_30bps,82,82,0,-0.0037087879423695867,-0.0037087879423695867,0
development,ETHUSDT,4h,baseline,periodic_entry_baseline,3,high_50bps,82,82,0,-0.005699381266106222,-0.005699381266106222,0
development,ETHUSDT,4h,baseline,periodic_entry_baseline,3,low_20bps,82,82,0,-0.002711997836864139,-0.002711997836864139,0
development,ETHUSDT,4h,baseline,periodic_entry_baseline,6,base_30bps,82,82,0,0.0020979119595234252,0.0020979119595234252,0
development,ETHUSDT,4h,baseline,periodic_entry_baseline,6,high_50bps,82,82,0,9.5716829088364792e-05,9.5716829088364792e-05,0
development,ETHUSDT,4h,baseline,periodic_entry_baseline,6,low_20bps,82,82,0,0.0031005116726393598,0.0031005116726393598,0
development,ETHUSDT,4h,baseline,segment_buy_and_hold,,base_30bps,4,4,0,0.13145032353632036,0.13145032353632036,0
development,ETHUSDT,4h,baseline,segment_buy_and_hold,,high_50bps,4,4,0,0.12918968183546709,0.12918968183546709,0
development,ETHUSDT,4h,baseline,segment_buy_and_hold,,low_20bps,4,4,0,0.13258234043431408,0.13258234043431408,0
development,ETHUSDT,4h,signal,breakout_close_above_prior_high_20,1,base_30bps,132,132,0,-0.0043604777308361726,-0.0043604777308361726,0
development,ETHUSDT,4h,signal,breakout_close_above_prior_high_20,1,high_50bps,132,132,0,-0.0063497689760977898,-0.0063497689760977898,0
development,ETHUSDT,4h,signal,breakout_close_above_prior_high_20,1,low_20bps,132,132,0,-0.0033643396414532751,-0.0033643396414532751,0
development,ETHUSDT,4h,signal,breakout_close_above_prior_high_20,3,base_30bps,105,105,0,-0.0043066690086845157,-0.0043066690086845157,0
development,ETHUSDT,4h,signal,breakout_close_above_prior_high_20,3,high_50bps,105,105,0,-0.0062960677639610713,-0.0062960677639610713,0
development,ETHUSDT,4h,signal,breakout_close_above_prior_high_20,3,low_20bps,105,105,0,-0.0033104770836347264,-0.0033104770836347264,0
development,ETHUSDT,4h,signal,breakout_close_above_prior_high_20,6,base_30bps,89,89,0,-0.012574361705860173,-0.012574361705860173,0
development,ETHUSDT,4h,signal,breakout_close_above_prior_high_20,6,high_50bps,89,89,0,-0.014547241582232091,-0.014547241582232091,0
development,ETHUSDT,4h,signal,breakout_close_above_prior_high_20,6,low_20bps,89,89,0,-0.011586441613559833,-0.011586441613559833,0
development,ETHUSDT,4h,signal,mean_reversion_close_2pct_below_sma20,1,base_30bps,528,528,0,-0.0049894178873775719,-0.0049894178873775719,0
development,ETHUSDT,4h,signal,mean_reversion_close_2pct_below_sma20,1,high_50bps,528,528,0,-0.0069774525080082634,-0.0069774525080082634,0
development,ETHUSDT,4h,signal,mean_reversion_close_2pct_below_sma20,1,low_20bps,528,528,0,-0.0039939090530933859,-0.0039939090530933859,0
development,ETHUSDT,4h,signal,mean_reversion_close_2pct_below_sma20,3,base_30bps,303,303,0,-0.0037871839048853337,-0.0037871839048853337,0
development,ETHUSDT,4h,signal,mean_reversion_close_2pct_below_sma20,3,high_50bps,303,303,0,-0.0057776205932148599,-0.0057776205932148599,0
development,ETHUSDT,4h,signal,mean_reversion_close_2pct_below_sma20,3,low_20bps,303,303,0,-0.0027904722345992411,-0.0027904722345992411,0
development,ETHUSDT,4h,signal,mean_reversion_close_2pct_below_sma20,6,base_30bps,196,196,0,-0.0016534472543229114,-0.0016534472543229114,0
development,ETHUSDT,4h,signal,mean_reversion_close_2pct_below_sma20,6,high_50bps,196,196,0,-0.0036481471559376834,-0.0036481471559376834,0
development,ETHUSDT,4h,signal,mean_reversion_close_2pct_below_sma20,6,low_20bps,196,196,0,-0.00065460077891628247,-0.00065460077891628247,0
development,ETHUSDT,4h,signal,mean_reversion_rsi14_below_30,1,base_30bps,122,122,0,-0.0043117026429744642,-0.0043117026429744642,0
development,ETHUSDT,4h,signal,mean_reversion_rsi14_below_30,1,high_50bps,122,122,0,-0.0063010913410320776,-0.0063010913410320776,0
development,ETHUSDT,4h,signal,mean_reversion_rsi14_below_30,1,low_20bps,122,122,0,-0.0033155157540795486,-0.0033155157540795486,0
development,ETHUSDT,4h,signal,mean_reversion_rsi14_below_30,3,base_30bps,77,77,0,-0.0011060760699086818,-0.0011060760699086818,0
development,ETHUSDT,4h,signal,mean_reversion_rsi14_below_30,3,high_50bps,77,77,0,-0.0031018696210629868,-0.0031018696210629868,0
development,ETHUSDT,4h,signal,mean_reversion_rsi14_below_30,3,low_20bps,77,77,0,-0.00010668194922119972,-0.00010668194922119972,0
development,ETHUSDT,4h,signal,mean_reversion_rsi14_below_30,6,base_30bps,58,58,0,-0.0020965373711111569,-0.0020965373711111569,0
development,ETHUSDT,4h,signal,mean_reversion_rsi14_below_30,6,high_50bps,58,58,0,-0.0040903519771239927,-0.0040903519771239927,0
development,ETHUSDT,4h,signal,mean_reversion_rsi14_below_30,6,low_20bps,58,58,0,-0.0010981342076989975,-0.0010981342076989975,0
development,ETHUSDT,4h,signal,momentum_return_12_positive,1,base_30bps,874,874,0,-0.0029844511196528596,-0.0029844511196528596,0
development,ETHUSDT,4h,signal,momentum_return_12_positive,1,high_50bps,874,874,0,-0.0049764916708928374,-0.0049764916708928374,0
development,ETHUSDT,4h,signal,momentum_return_12_positive,1,low_20bps,874,874,0,-0.0019869363146125924,-0.0019869363146125924,0
development,ETHUSDT,4h,signal,momentum_return_12_positive,3,base_30bps,485,485,0,-0.0040916483244441207,-0.0040916483244441207,0
development,ETHUSDT,4h,signal,momentum_return_12_positive,3,high_50bps,485,485,0,-0.0060814766917992608,-0.0060814766917992608,0
development,ETHUSDT,4h,signal,momentum_return_12_positive,3,low_20bps,485,485,0,-0.0030952412710383358,-0.0030952412710383358,0
development,ETHUSDT,4h,signal,momentum_return_12_positive,6,base_30bps,310,310,0,-0.00079741421653408448,-0.00079741421653408448,0
development,ETHUSDT,4h,signal,momentum_return_12_positive,6,high_50bps,310,310,0,-0.0027938244751501921,-0.0027938244751501921,0
development,ETHUSDT,4h,signal,momentum_return_12_positive,6,low_20bps,310,310,0,0.00020228872056940049,0.00020228872056940049,0
development,ETHUSDT,4h,signal,trend_sma20_cross_above_sma50,1,base_30bps,37,37,0,-0.0011092095217542163,-0.0011092095217542163,0
development,ETHUSDT,4h,signal,trend_sma20_cross_above_sma50,1,high_50bps,37,37,0,-0.0031049968122608016,-0.0031049968122608016,0
development,ETHUSDT,4h,signal,trend_sma20_cross_above_sma50,1,low_20bps,37,37,0,-0.00010981853608765952,-0.00010981853608765952,0
development,ETHUSDT,4h,signal,trend_sma20_cross_above_sma50,3,base_30bps,36,36,0,-0.0093634586013157349,-0.0093634586013157349,0
development,ETHUSDT,4h,signal,trend_sma20_cross_above_sma50,3,high_50bps,36,36,0,-0.011342753873312664,-0.011342753873312664,0
development,ETHUSDT,4h,signal,trend_sma20_cross_above_sma50,3,low_20bps,36,36,0,-0.0083723259980491051,-0.0083723259980491051,0
development,ETHUSDT,4h,signal,trend_sma20_cross_above_sma50,6,base_30bps,36,36,0,-0.015938218708458025,-0.015938218708458025,0
development,ETHUSDT,4h,signal,trend_sma20_cross_above_sma50,6,high_50bps,36,36,0,-0.017904377586782042,-0.017904377586782042,0
development,ETHUSDT,4h,signal,trend_sma20_cross_above_sma50,6,low_20bps,36,36,0,-0.01495366415761378,-0.01495366415761378,0
development,SOLUSDT,1h,baseline,always_flat,,base_30bps,0,0,0,,,
development,SOLUSDT,1h,baseline,always_flat,,high_50bps,0,0,0,,,
development,SOLUSDT,1h,baseline,always_flat,,low_20bps,0,0,0,,,
development,SOLUSDT,1h,baseline,periodic_entry_baseline,12,base_30bps,82,82,0,-0.0034142678371837038,-0.0034142678371837038,0
development,SOLUSDT,1h,baseline,periodic_entry_baseline,12,high_50bps,82,82,0,-0.0054054496131198488,-0.0054054496131198488,0
development,SOLUSDT,1h,baseline,periodic_entry_baseline,12,low_20bps,82,82,0,-0.002417183064091946,-0.002417183064091946,0
development,SOLUSDT,1h,baseline,periodic_entry_baseline,24,base_30bps,82,82,0,-0.00097186050519761731,-0.00097186050519761731,0
development,SOLUSDT,1h,baseline,periodic_entry_baseline,24,high_50bps,82,82,0,-0.0029679222195192721,-0.0029679222195192721,0
development,SOLUSDT,1h,baseline,periodic_entry_baseline,24,low_20bps,82,82,0,2.7667898263127351e-05,2.7667898263127351e-05,0
development,SOLUSDT,1h,baseline,periodic_entry_baseline,4,base_30bps,82,82,0,-0.007897847808821962,-0.007897847808821962,0
development,SOLUSDT,1h,baseline,periodic_entry_baseline,4,high_50bps,82,82,0,-0.0098800713763046027,-0.0098800713763046027,0
development,SOLUSDT,1h,baseline,periodic_entry_baseline,4,low_20bps,82,82,0,-0.0069052488608573343,-0.0069052488608573343,0
development,SOLUSDT,1h,baseline,segment_buy_and_hold,,base_30bps,4,4,0,0.29989173372355599,0.29989173372355599,0
development,SOLUSDT,1h,baseline,segment_buy_and_hold,,high_50bps,4,4,0,0.2972945454964448,0.2972945454964448,0
development,SOLUSDT,1h,baseline,segment_buy_and_hold,,low_20bps,4,4,0,0.30119227637887858,0.30119227637887858,0
development,SOLUSDT,1h,signal,breakout_close_above_prior_high_20,12,base_30bps,267,267,0,-0.0055754230995384785,-0.0055754230995384785,0
development,SOLUSDT,1h,signal,breakout_close_above_prior_high_20,12,high_50bps,267,267,0,-0.0075622868797071766,-0.0075622868797071766,0
development,SOLUSDT,1h,signal,breakout_close_above_prior_high_20,12,low_20bps,267,267,0,-0.0045805005639089355,-0.0045805005639089355,0
development,SOLUSDT,1h,signal,breakout_close_above_prior_high_20,24,base_30bps,211,211,0,-0.0086890265827720414,-0.0086890265827720414,0
development,SOLUSDT,1h,signal,breakout_close_above_prior_high_20,24,high_50bps,211,211,0,-0.010669669372299177,-0.010669669372299177,0
development,SOLUSDT,1h,signal,breakout_close_above_prior_high_20,24,low_20bps,211,211,0,-0.0076972192097646257,-0.0076972192097646257,0
development,SOLUSDT,1h,signal,breakout_close_above_prior_high_20,4,base_30bps,362,362,0,-0.0058924326675697716,-0.0058924326675697716,0
development,SOLUSDT,1h,signal,breakout_close_above_prior_high_20,4,high_50bps,362,362,0,-0.0078786630615135956,-0.0078786630615135956,0
development,SOLUSDT,1h,signal,breakout_close_above_prior_high_20,4,low_20bps,362,362,0,-0.0048978273002509946,-0.0048978273002509946,0
development,SOLUSDT,1h,signal,mean_reversion_close_2pct_below_sma20,12,base_30bps,420,420,0,-0.0030416880943969918,-0.0030416880943969918,0
development,SOLUSDT,1h,signal,mean_reversion_close_2pct_below_sma20,12,high_50bps,420,420,0,-0.0050336142859613991,-0.0050336142859613991,0
development,SOLUSDT,1h,signal,mean_reversion_close_2pct_below_sma20,12,low_20bps,420,420,0,-0.0020442305549929155,-0.0020442305549929155,0
development,SOLUSDT,1h,signal,mean_reversion_close_2pct_below_sma20,24,base_30bps,293,293,0,0.0019517643150801019,0.0019517643150801019,0
development,SOLUSDT,1h,signal,mean_reversion_close_2pct_below_sma20,24,high_50bps,293,293,0,-5.0138811850588377e-05,-5.0138811850588377e-05,0
development,SOLUSDT,1h,signal,mean_reversion_close_2pct_below_sma20,24,low_20bps,293,293,0,0.0029542178073680659,0.0029542178073680659,0
development,SOLUSDT,1h,signal,mean_reversion_close_2pct_below_sma20,4,base_30bps,799,799,0,-0.0010987609499767937,-0.0010987609499767937,0
development,SOLUSDT,1h,signal,mean_reversion_close_2pct_below_sma20,4,high_50bps,799,799,0,-0.0030945691167662817,-0.0030945691167662817,0
development,SOLUSDT,1h,signal,mean_reversion_close_2pct_below_sma20,4,low_20bps,799,799,0,-9.9359510506312877e-05,-9.9359510506312877e-05,0
development,SOLUSDT,1h,signal,mean_reversion_rsi14_below_30,12,base_30bps,151,151,0,-0.0029387697870597246,-0.0029387697870597246,0
development,SOLUSDT,1h,signal,mean_reversion_rsi14_below_30,12,high_50bps,151,151,0,-0.004930901609761896,-0.004930901609761896,0
development,SOLUSDT,1h,signal,mean_reversion_rsi14_below_30,12,low_20bps,151,151,0,-0.0019412092778119013,-0.0019412092778119013,0
development,SOLUSDT,1h,signal,mean_reversion_rsi14_below_30,24,base_30bps,116,116,0,-0.0097628400369922912,-0.0097628400369922912,0
development,SOLUSDT,1h,signal,mean_reversion_rsi14_below_30,24,high_50bps,116,116,0,-0.011741337343484922,-0.011741337343484922,0
development,SOLUSDT,1h,signal,mean_reversion_rsi14_below_30,24,low_20bps,116,116,0,-0.0087721070151518341,-0.0087721070151518341,0
development,SOLUSDT,1h,signal,mean_reversion_rsi14_below_30,4,base_30bps,226,226,0,-0.00047183522740984181,-0.00047183522740984181,0
development,SOLUSDT,1h,signal,mean_reversion_rsi14_below_30,4,high_50bps,226,226,0,-0.0024688959939841329,-0.0024688959939841329,0
development,SOLUSDT,1h,signal,mean_reversion_rsi14_below_30,4,low_20bps,226,226,0,0.00052819345171665902,0.00052819345171665902,0
development,SOLUSDT,1h,signal,momentum_return_12_positive,12,base_30bps,721,721,0,-0.0042311878753413896,-0.0042311878753413896,0
development,SOLUSDT,1h,signal,momentum_return_12_positive,12,high_50bps,721,721,0,-0.0062207374421861554,-0.0062207374421861554,0
development,SOLUSDT,1h,signal,momentum_return_12_positive,12,low_20bps,721,721,0,-0.0032349204313610156,-0.0032349204313610156,0
development,SOLUSDT,1h,signal,momentum_return_12_positive,24,base_30bps,432,432,0,-0.0037190725364442852,-0.0037190725364442852,0
development,SOLUSDT,1h,signal,momentum_return_12_positive,24,high_50bps,432,432,0,-0.0057096453115260109,-0.0057096453115260109,0
development,SOLUSDT,1h,signal,momentum_return_12_positive,24,low_20bps,432,432,0,-0.0027222927206829403,-0.0027222927206829403,0
development,SOLUSDT,1h,signal,momentum_return_12_positive,4,base_30bps,1543,1543,0,-0.0027080663777897347,-0.0027080663777897347,0
development,SOLUSDT,1h,signal,momentum_return_12_positive,4,high_50bps,1543,1543,0,-0.0047006591467099222,-0.0047006591467099222,0
development,SOLUSDT,1h,signal,momentum_return_12_positive,4,low_20bps,1543,1543,0,-0.0017102750496077695,-0.0017102750496077695,0
development,SOLUSDT,1h,signal,trend_sma20_cross_above_sma50,12,base_30bps,143,143,0,-0.0039914336083886285,-0.0039914336083886285,0
development,SOLUSDT,1h,signal,trend_sma20_cross_above_sma50,12,high_50bps,143,143,0,-0.0059814622050967034,-0.0059814622050967034,0
development,SOLUSDT,1h,signal,trend_sma20_cross_above_sma50,12,low_20bps,143,143,0,-0.0029949262900842177,-0.0029949262900842177,0
development,SOLUSDT,1h,signal,trend_sma20_cross_above_sma50,24,base_30bps,140,140,0,0.0040963939093414323,0.0040963939093414323,0
development,SOLUSDT,1h,signal,trend_sma20_cross_above_sma50,24,high_50bps,140,140,0,0.0020902058049859268,0.0020902058049859268,0
development,SOLUSDT,1h,signal,trend_sma20_cross_above_sma50,24,low_20bps,140,140,0,0.0051009931051482884,0.0051009931051482884,0
development,SOLUSDT,1h,signal,trend_sma20_cross_above_sma50,4,base_30bps,146,146,0,0.0010436022361679867,0.0010436022361679867,0
development,SOLUSDT,1h,signal,trend_sma20_cross_above_sma50,4,high_50bps,146,146,0,-0.00095648637975499524,-0.00095648637975499524,0
development,SOLUSDT,1h,signal,trend_sma20_cross_above_sma50,4,low_20bps,146,146,0,0.0020451471116143135,0.0020451471116143135,0
development,SOLUSDT,4h,baseline,always_flat,,base_30bps,0,0,0,,,
development,SOLUSDT,4h,baseline,always_flat,,high_50bps,0,0,0,,,
development,SOLUSDT,4h,baseline,always_flat,,low_20bps,0,0,0,,,
development,SOLUSDT,4h,baseline,periodic_entry_baseline,1,base_30bps,82,82,0,-0.007897847808821962,-0.007897847808821962,0
development,SOLUSDT,4h,baseline,periodic_entry_baseline,1,high_50bps,82,82,0,-0.0098800713763046027,-0.0098800713763046027,0
development,SOLUSDT,4h,baseline,periodic_entry_baseline,1,low_20bps,82,82,0,-0.0069052488608573343,-0.0069052488608573343,0
development,SOLUSDT,4h,baseline,periodic_entry_baseline,3,base_30bps,82,82,0,-0.0034142678371837038,-0.0034142678371837038,0
development,SOLUSDT,4h,baseline,periodic_entry_baseline,3,high_50bps,82,82,0,-0.0054054496131198488,-0.0054054496131198488,0
development,SOLUSDT,4h,baseline,periodic_entry_baseline,3,low_20bps,82,82,0,-0.002417183064091946,-0.002417183064091946,0
development,SOLUSDT,4h,baseline,periodic_entry_baseline,6,base_30bps,82,82,0,-0.00097186050519761731,-0.00097186050519761731,0
development,SOLUSDT,4h,baseline,periodic_entry_baseline,6,high_50bps,82,82,0,-0.0029679222195192721,-0.0029679222195192721,0
development,SOLUSDT,4h,baseline,periodic_entry_baseline,6,low_20bps,82,82,0,2.7667898263127351e-05,2.7667898263127351e-05,0
development,SOLUSDT,4h,baseline,segment_buy_and_hold,,base_30bps,4,4,0,0.30446696405631779,0.30446696405631779,0
development,SOLUSDT,4h,baseline,segment_buy_and_hold,,high_50bps,4,4,0,0.30186063450301115,0.30186063450301115,0
development,SOLUSDT,4h,baseline,segment_buy_and_hold,,low_20bps,4,4,0,0.3057720842330226,0.3057720842330226,0
development,SOLUSDT,4h,signal,breakout_close_above_prior_high_20,1,base_30bps,107,107,0,-0.0084454213028787792,-0.0084454213028787792,0
development,SOLUSDT,4h,signal,breakout_close_above_prior_high_20,1,high_50bps,107,107,0,-0.010426550816606522,-0.010426550816606522,0
development,SOLUSDT,4h,signal,breakout_close_above_prior_high_20,1,low_20bps,107,107,0,-0.007453370202605984,-0.007453370202605984,0
development,SOLUSDT,4h,signal,breakout_close_above_prior_high_20,3,base_30bps,87,87,0,-0.011365313260808347,-0.011365313260808347,0
development,SOLUSDT,4h,signal,breakout_close_above_prior_high_20,3,high_50bps,87,87,0,-0.013340608820199102,-0.013340608820199102,0
development,SOLUSDT,4h,signal,breakout_close_above_prior_high_20,3,low_20bps,87,87,0,-0.010376183514631191,-0.010376183514631191,0
development,SOLUSDT,4h,signal,breakout_close_above_prior_high_20,6,base_30bps,74,74,0,-0.011543904743581045,-0.011543904743581045,0
development,SOLUSDT,4h,signal,breakout_close_above_prior_high_20,6,high_50bps,74,74,0,-0.013518843476565038,-0.013518843476565038,0
development,SOLUSDT,4h,signal,breakout_close_above_prior_high_20,6,low_20bps,74,74,0,-0.010554953678316466,-0.010554953678316466,0
development,SOLUSDT,4h,signal,mean_reversion_close_2pct_below_sma20,1,base_30bps,671,671,0,-0.0044128305048966457,-0.0044128305048966457,0
development,SOLUSDT,4h,signal,mean_reversion_close_2pct_below_sma20,1,high_50bps,671,671,0,-0.0064020171491327004,-0.0064020171491327004,0
development,SOLUSDT,4h,signal,mean_reversion_close_2pct_below_sma20,1,low_20bps,671,671,0,-0.0034167447945034801,-0.0034167447945034801,0
development,SOLUSDT,4h,signal,mean_reversion_close_2pct_below_sma20,3,base_30bps,382,382,0,-0.0034579812787687851,-0.0034579812787687851,0
development,SOLUSDT,4h,signal,mean_reversion_close_2pct_below_sma20,3,high_50bps,382,382,0,-0.00544907571509585,-0.00544907571509585,0
development,SOLUSDT,4h,signal,mean_reversion_close_2pct_below_sma20,3,low_20bps,382,382,0,-0.0024609402410081423,-0.0024609402410081423,0
development,SOLUSDT,4h,signal,mean_reversion_close_2pct_below_sma20,6,base_30bps,243,243,0,-0.0028450074930009761,-0.0028450074930009761,0
development,SOLUSDT,4h,signal,mean_reversion_close_2pct_below_sma20,6,high_50bps,243,243,0,-0.0048373266530943471,-0.0048373266530943471,0
development,SOLUSDT,4h,signal,mean_reversion_close_2pct_below_sma20,6,low_20bps,243,243,0,-0.0018473531745075579,-0.0018473531745075579,0
development,SOLUSDT,4h,signal,mean_reversion_rsi14_below_30,1,base_30bps,110,110,0,-0.0025225781604318897,-0.0025225781604318897,0
development,SOLUSDT,4h,signal,mean_reversion_rsi14_below_30,1,high_50bps,110,110,0,-0.004515541535458645,-0.004515541535458645,0
development,SOLUSDT,4h,signal,mean_reversion_rsi14_below_30,1,low_20bps,110,110,0,-0.0015246012511492136,-0.0015246012511492136,0
development,SOLUSDT,4h,signal,mean_reversion_rsi14_below_30,3,base_30bps,76,76,0,-0.0064058706571396579,-0.0064058706571396579,0
development,SOLUSDT,4h,signal,mean_reversion_rsi14_below_30,3,high_50bps,76,76,0,-0.0083910752001858553,-0.0083910752001858553,0
development,SOLUSDT,4h,signal,mean_reversion_rsi14_below_30,3,low_20bps,76,76,0,-0.0054117789849148631,-0.0054117789849148631,0
development,SOLUSDT,4h,signal,mean_reversion_rsi14_below_30,6,base_30bps,53,53,0,-0.0016175657927594933,-0.0016175657927594933,0
development,SOLUSDT,4h,signal,mean_reversion_rsi14_below_30,6,high_50bps,53,53,0,-0.0036123373856599182,-0.0036123373856599182,0
development,SOLUSDT,4h,signal,mean_reversion_rsi14_below_30,6,low_20bps,53,53,0,-0.0006186834179236541,-0.0006186834179236541,0
development,SOLUSDT,4h,signal,momentum_return_12_positive,1,base_30bps,791,791,0,-0.0020338843249857854,-0.0020338843249857854,0
development,SOLUSDT,4h,signal,momentum_return_12_positive,1,high_50bps,791,791,0,-0.0040278241120037502,-0.0040278241120037502,0
development,SOLUSDT,4h,signal,momentum_return_12_positive,1,low_20bps,791,791,0,-0.0010354184771539225,-0.0010354184771539225,0
development,SOLUSDT,4h,signal,momentum_return_12_positive,3,base_30bps,440,440,0,-0.00079254864091698638,-0.00079254864091698638,0
development,SOLUSDT,4h,signal,momentum_return_12_positive,3,high_50bps,440,440,0,-0.0027889686209702038,-0.0027889686209702038,0
development,SOLUSDT,4h,signal,momentum_return_12_positive,3,low_20bps,440,440,0,0.00020715916419856352,0.00020715916419856352,0
development,SOLUSDT,4h,signal,momentum_return_12_positive,6,base_30bps,284,284,0,-0.0012094416693338506,-0.0012094416693338506,0
development,SOLUSDT,4h,signal,momentum_return_12_positive,6,high_50bps,284,284,0,-0.0032050286956592489,-0.0032050286956592489,0
development,SOLUSDT,4h,signal,momentum_return_12_positive,6,low_20bps,284,284,0,-0.00021015096600617619,-0.00021015096600617619,0
development,SOLUSDT,4h,signal,trend_sma20_cross_above_sma50,1,base_30bps,32,32,0,0.0033144106193357774,0.0033144106193357774,0
development,SOLUSDT,4h,signal,trend_sma20_cross_above_sma50,1,high_50bps,32,32,0,0.001309784920326712,0.001309784920326712,0
development,SOLUSDT,4h,signal,trend_sma20_cross_above_sma50,1,low_20bps,32,32,0,0.004318227440274016,0.004318227440274016,0
development,SOLUSDT,4h,signal,trend_sma20_cross_above_sma50,3,base_30bps,32,32,0,-0.0059526115270555381,-0.0059526115270555381,0
development,SOLUSDT,4h,signal,trend_sma20_cross_above_sma50,3,high_50bps,32,32,0,-0.0079387216834278032,-0.0079387216834278032,0
development,SOLUSDT,4h,signal,trend_sma20_cross_above_sma50,3,low_20bps,32,32,0,-0.0049580663687307999,-0.0049580663687307999,0
development,SOLUSDT,4h,signal,trend_sma20_cross_above_sma50,6,base_30bps,32,32,0,0.00022571889362062517,0.00022571889362062517,0
development,SOLUSDT,4h,signal,trend_sma20_cross_above_sma50,6,high_50bps,32,32,0,-0.0017727355885254724,-0.0017727355885254724,0
development,SOLUSDT,4h,signal,trend_sma20_cross_above_sma50,6,low_20bps,32,32,0,0.0012264454761688297,0.0012264454761688297,0
validation,BTCUSDT,1h,baseline,always_flat,,base_30bps,0,0,0,,,
validation,BTCUSDT,1h,baseline,always_flat,,high_50bps,0,0,0,,,
validation,BTCUSDT,1h,baseline,always_flat,,low_20bps,0,0,0,,,
validation,BTCUSDT,1h,baseline,periodic_entry_baseline,12,base_30bps,50,50,0,-0.0041960042160465337,-0.0041960042160465337,0
validation,BTCUSDT,1h,baseline,periodic_entry_baseline,12,high_50bps,50,50,0,-0.0061856240799655175,-0.0061856240799655175,0
validation,BTCUSDT,1h,baseline,periodic_entry_baseline,12,low_20bps,50,50,0,-0.00319970157078864,-0.00319970157078864,0
validation,BTCUSDT,1h,baseline,periodic_entry_baseline,24,base_30bps,50,50,0,-0.0025341981454210603,-0.0025341981454210603,0
validation,BTCUSDT,1h,baseline,periodic_entry_baseline,24,high_50bps,50,50,0,-0.0045271383036771737,-0.0045271383036771737,0
validation,BTCUSDT,1h,baseline,periodic_entry_baseline,24,low_20bps,50,50,0,-0.0015362328619420774,-0.0015362328619420774,0
validation,BTCUSDT,1h,baseline,periodic_entry_baseline,4,base_30bps,50,50,0,-0.0041289697828607499,-0.0041289697828607499,0
validation,BTCUSDT,1h,baseline,periodic_entry_baseline,4,high_50bps,50,50,0,-0.0061187235818115316,-0.0061187235818115316,0
validation,BTCUSDT,1h,baseline,periodic_entry_baseline,4,low_20bps,50,50,0,-0.0031326000696021384,-0.0031326000696021384,0
validation,BTCUSDT,1h,baseline,segment_buy_and_hold,,base_30bps,2,2,0,0.43800838069580117,0.43800838069580117,0
validation,BTCUSDT,1h,baseline,segment_buy_and_hold,,high_50bps,2,2,0,0.43513523492532036,0.43513523492532036,0
validation,BTCUSDT,1h,baseline,segment_buy_and_hold,,low_20bps,2,2,0,0.43944710916009322,0.43944710916009322,0
validation,BTCUSDT,1h,signal,breakout_close_above_prior_high_20,12,base_30bps,150,150,0,0.0003369603184267326,0.0003369603184267326,0
validation,BTCUSDT,1h,signal,breakout_close_above_prior_high_20,12,high_50bps,150,150,0,-0.0016617164244748838,-0.0016617164244748838,0
validation,BTCUSDT,1h,signal,breakout_close_above_prior_high_20,12,low_20bps,150,150,0,0.0013377981981039433,0.0013377981981039433,0
validation,BTCUSDT,1h,signal,breakout_close_above_prior_high_20,24,base_30bps,127,127,0,0.0017941753975156505,0.0017941753975156505,0
validation,BTCUSDT,1h,signal,breakout_close_above_prior_high_20,24,high_50bps,127,127,0,-0.00020741286620694956,-0.00020741286620694956,0
validation,BTCUSDT,1h,signal,breakout_close_above_prior_high_20,24,low_20bps,127,127,0,0.0027964712219733178,0.0027964712219733178,0
validation,BTCUSDT,1h,signal,breakout_close_above_prior_high_20,4,base_30bps,190,190,0,-0.00042158208456600669,-0.00042158208456600669,0
validation,BTCUSDT,1h,signal,breakout_close_above_prior_high_20,4,high_50bps,190,190,0,-0.0024187432570953204,-0.0024187432570953204,0
validation,BTCUSDT,1h,signal,breakout_close_above_prior_high_20,4,low_20bps,190,190,0,0.00057849687286762579,0.00057849687286762579,0
validation,BTCUSDT,1h,signal,mean_reversion_close_2pct_below_sma20,12,base_30bps,41,41,0,-0.0023693019164616339,-0.0023693019164616339,0
validation,BTCUSDT,1h,signal,mean_reversion_close_2pct_below_sma20,12,high_50bps,41,41,0,-0.0043625715379595241,-0.0043625715379595241,0
validation,BTCUSDT,1h,signal,mean_reversion_close_2pct_below_sma20,12,low_20bps,41,41,0,-0.00137117165418185,-0.00137117165418185,0
validation,BTCUSDT,1h,signal,mean_reversion_close_2pct_below_sma20,24,base_30bps,36,36,0,0.0053344539014750962,0.0053344539014750962,0
validation,BTCUSDT,1h,signal,mean_reversion_close_2pct_below_sma20,24,high_50bps,36,36,0,0.0033257921489282744,0.0033257921489282744,0
validation,BTCUSDT,1h,signal,mean_reversion_close_2pct_below_sma20,24,low_20bps,36,36,0,0.0063402917772333745,0.0063402917772333745,0
validation,BTCUSDT,1h,signal,mean_reversion_close_2pct_below_sma20,4,base_30bps,63,63,0,-0.0013171498904942461,-0.0013171498904942461,0
validation,BTCUSDT,1h,signal,mean_reversion_close_2pct_below_sma20,4,high_50bps,63,63,0,-0.0033125217154172885,-0.0033125217154172885,0
validation,BTCUSDT,1h,signal,mean_reversion_close_2pct_below_sma20,4,low_20bps,63,63,0,-0.00031796694932268154,-0.00031796694932268154,0
validation,BTCUSDT,1h,signal,mean_reversion_rsi14_below_30,12,base_30bps,69,69,0,-0.0042086600956637932,-0.0042086600956637932,0
validation,BTCUSDT,1h,signal,mean_reversion_rsi14_below_30,12,high_50bps,69,69,0,-0.0061982546730910571,-0.0061982546730910571,0
validation,BTCUSDT,1h,signal,mean_reversion_rsi14_below_30,12,low_20bps,69,69,0,-0.0032123701126229478,-0.0032123701126229478,0
validation,BTCUSDT,1h,signal,mean_reversion_rsi14_below_30,24,base_30bps,52,52,0,-0.0046928869822181925,-0.0046928869822181925,0
validation,BTCUSDT,1h,signal,mean_reversion_rsi14_below_30,24,high_50bps,52,52,0,-0.0066815140726337405,-0.0066815140726337405,0
validation,BTCUSDT,1h,signal,mean_reversion_rsi14_below_30,24,low_20bps,52,52,0,-0.0036970814685408212,-0.0036970814685408212,0
validation,BTCUSDT,1h,signal,mean_reversion_rsi14_below_30,4,base_30bps,113,113,0,-0.002554936952147575,-0.002554936952147575,0
validation,BTCUSDT,1h,signal,mean_reversion_rsi14_below_30,4,high_50bps,113,113,0,-0.0045478356741953949,-0.0045478356741953949,0
validation,BTCUSDT,1h,signal,mean_reversion_rsi14_below_30,4,low_20bps,113,113,0,-0.0015569924178603289,-0.0015569924178603289,0
validation,BTCUSDT,1h,signal,momentum_return_12_positive,12,base_30bps,471,471,0,-0.00080597913155707726,-0.00080597913155707726,0
validation,BTCUSDT,1h,signal,momentum_return_12_positive,12,high_50bps,471,471,0,-0.0028023722774430499,-0.0028023722774430499,0
validation,BTCUSDT,1h,signal,momentum_return_12_positive,12,low_20bps,471,471,0,0.0001937152363425013,0.0001937152363425013,0
validation,BTCUSDT,1h,signal,momentum_return_12_positive,24,base_30bps,272,272,0,0.00041224435859350491,0.00041224435859350491,0
validation,BTCUSDT,1h,signal,momentum_return_12_positive,24,high_50bps,272,272,0,-0.0015865828020834958,-0.0015865828020834958,0
validation,BTCUSDT,1h,signal,momentum_return_12_positive,24,low_20bps,272,272,0,0.0014131575600094027,0.0014131575600094027,0
validation,BTCUSDT,1h,signal,momentum_return_12_positive,4,base_30bps,1049,1049,0,-0.002548630762446514,-0.002548630762446514,0
validation,BTCUSDT,1h,signal,momentum_return_12_positive,4,high_50bps,1049,1049,0,-0.0045415420842833867,-0.0045415420842833867,0
validation,BTCUSDT,1h,signal,momentum_return_12_positive,4,low_20bps,1049,1049,0,-0.0015506799188117213,-0.0015506799188117213,0
validation,BTCUSDT,1h,signal,trend_sma20_cross_above_sma50,12,base_30bps,98,98,0,-0.0037841074574015317,-0.0037841074574015317,0
validation,BTCUSDT,1h,signal,trend_sma20_cross_above_sma50,12,high_50bps,98,98,0,-0.0057745502924838859,-0.0057745502924838859,0
validation,BTCUSDT,1h,signal,trend_sma20_cross_above_sma50,12,low_20bps,98,98,0,-0.0027873927091274196,-0.0027873927091274196,0
validation,BTCUSDT,1h,signal,trend_sma20_cross_above_sma50,24,base_30bps,95,95,0,-0.0052084046928356602,-0.0052084046928356602,0
validation,BTCUSDT,1h,signal,trend_sma20_cross_above_sma50,24,high_50bps,95,95,0,-0.0071960017770637055,-0.0071960017770637055,0
validation,BTCUSDT,1h,signal,trend_sma20_cross_above_sma50,24,low_20bps,95,95,0,-0.0042131149550147448,-0.0042131149550147448,0
validation,BTCUSDT,1h,signal,trend_sma20_cross_above_sma50,4,base_30bps,104,104,0,-0.0042910185413819564,-0.0042910185413819564,0
validation,BTCUSDT,1h,signal,trend_sma20_cross_above_sma50,4,high_50bps,104,104,0,-0.0062804485663468627,-0.0062804485663468627,0
validation,BTCUSDT,1h,signal,trend_sma20_cross_above_sma50,4,low_20bps,104,104,0,-0.0032948109580278775,-0.0032948109580278775,0
validation,BTCUSDT,4h,baseline,always_flat,,base_30bps,0,0,0,,,
validation,BTCUSDT,4h,baseline,always_flat,,high_50bps,0,0,0,,,
validation,BTCUSDT,4h,baseline,always_flat,,low_20bps,0,0,0,,,
validation,BTCUSDT,4h,baseline,periodic_entry_baseline,1,base_30bps,50,50,0,-0.0041289697828607499,-0.0041289697828607499,0
validation,BTCUSDT,4h,baseline,periodic_entry_baseline,1,high_50bps,50,50,0,-0.0061187235818115316,-0.0061187235818115316,0
validation,BTCUSDT,4h,baseline,periodic_entry_baseline,1,low_20bps,50,50,0,-0.0031326000696021384,-0.0031326000696021384,0
validation,BTCUSDT,4h,baseline,periodic_entry_baseline,3,base_30bps,50,50,0,-0.0041960042160465337,-0.0041960042160465337,0
validation,BTCUSDT,4h,baseline,periodic_entry_baseline,3,high_50bps,50,50,0,-0.0061856240799655175,-0.0061856240799655175,0
validation,BTCUSDT,4h,baseline,periodic_entry_baseline,3,low_20bps,50,50,0,-0.00319970157078864,-0.00319970157078864,0
validation,BTCUSDT,4h,baseline,periodic_entry_baseline,6,base_30bps,50,50,0,-0.0025341981454210603,-0.0025341981454210603,0
validation,BTCUSDT,4h,baseline,periodic_entry_baseline,6,high_50bps,50,50,0,-0.0045271383036771737,-0.0045271383036771737,0
validation,BTCUSDT,4h,baseline,periodic_entry_baseline,6,low_20bps,50,50,0,-0.0015362328619420774,-0.0015362328619420774,0
validation,BTCUSDT,4h,baseline,segment_buy_and_hold,,base_30bps,2,2,0,0.44743434588528708,0.44743434588528708,0
validation,BTCUSDT,4h,baseline,segment_buy_and_hold,,high_50bps,2,2,0,0.44454236700341387,0.44454236700341387,0
validation,BTCUSDT,4h,baseline,segment_buy_and_hold,,low_20bps,2,2,0,0.44888250503482674,0.44888250503482674,0
validation,BTCUSDT,4h,signal,breakout_close_above_prior_high_20,1,base_30bps,73,73,0,-0.00032788072965604366,-0.00032788072965604366,0
validation,BTCUSDT,4h,signal,breakout_close_above_prior_high_20,1,high_50bps,73,73,0,-0.002325229117819965,-0.002325229117819965,0
validation,BTCUSDT,4h,signal,breakout_close_above_prior_high_20,1,low_20bps,73,73,0,0.00067229197605350049,0.00067229197605350049,0
validation,BTCUSDT,4h,signal,breakout_close_above_prior_high_20,3,base_30bps,60,60,0,0.0020416618862636347,0.0020416618862636347,0
validation,BTCUSDT,4h,signal,breakout_close_above_prior_high_20,3,high_50bps,60,60,0,3.9579143671521676e-05,3.9579143671521676e-05,0
validation,BTCUSDT,4h,signal,breakout_close_above_prior_high_20,3,low_20bps,60,60,0,0.003044205321139058,0.003044205321139058,0
validation,BTCUSDT,4h,signal,breakout_close_above_prior_high_20,6,base_30bps,52,52,0,0.00078332133187992232,0.00078332133187992232,0
validation,BTCUSDT,4h,signal,breakout_close_above_prior_high_20,6,high_50bps,52,52,0,-0.0012162472418866127,-0.0012162472418866127,0
validation,BTCUSDT,4h,signal,breakout_close_above_prior_high_20,6,low_20bps,52,52,0,0.0017846057960861296,0.0017846057960861296,0
validation,BTCUSDT,4h,signal,mean_reversion_close_2pct_below_sma20,1,base_30bps,97,97,0,-0.0026889483332808791,-0.0026889483332808791,0
validation,BTCUSDT,4h,signal,mean_reversion_close_2pct_below_sma20,1,high_50bps,97,97,0,-0.0046815793001208144,-0.0046815793001208144,0
validation,BTCUSDT,4h,signal,mean_reversion_close_2pct_below_sma20,1,low_20bps,97,97,0,-0.0016911378774810454,-0.0016911378774810454,0
validation,BTCUSDT,4h,signal,mean_reversion_close_2pct_below_sma20,3,base_30bps,55,55,0,-0.0029213358972334964,-0.0029213358972334964,0
validation,BTCUSDT,4h,signal,mean_reversion_close_2pct_below_sma20,3,high_50bps,55,55,0,-0.0049135025529084475,-0.0049135025529084475,0
validation,BTCUSDT,4h,signal,mean_reversion_close_2pct_below_sma20,3,low_20bps,55,55,0,-0.0019237579453658257,-0.0019237579453658257,0
validation,BTCUSDT,4h,signal,mean_reversion_close_2pct_below_sma20,6,base_30bps,39,39,0,0.0013339761339503425,0.0013339761339503425,0
validation,BTCUSDT,4h,signal,mean_reversion_close_2pct_below_sma20,6,high_50bps,39,39,0,-0.00066669265003529488,-0.00066669265003529488,0
validation,BTCUSDT,4h,signal,mean_reversion_close_2pct_below_sma20,6,low_20bps,39,39,0,0.0023358115286993418,0.0023358115286993418,0
validation,BTCUSDT,4h,signal,mean_reversion_rsi14_below_30,1,base_30bps,45,45,0,-0.0039804823063423391,-0.0039804823063423391,0
validation,BTCUSDT,4h,signal,mean_reversion_rsi14_below_30,1,high_50bps,45,45,0,-0.0059705327837901662,-0.0059705327837901662,0
validation,BTCUSDT,4h,signal,mean_reversion_rsi14_below_30,1,low_20bps,45,45,0,-0.0029839640312520018,-0.0029839640312520018,0
validation,BTCUSDT,4h,signal,mean_reversion_rsi14_below_30,3,base_30bps,29,29,0,-0.0029755510463151868,-0.0029755510463151868,0
validation,BTCUSDT,4h,signal,mean_reversion_rsi14_below_30,3,high_50bps,29,29,0,-0.0049676093799328296,-0.0049676093799328296,0
validation,BTCUSDT,4h,signal,mean_reversion_rsi14_below_30,3,low_20bps,29,29,0,-0.0019780273367448762,-0.0019780273367448762,0
validation,BTCUSDT,4h,signal,mean_reversion_rsi14_below_30,6,base_30bps,21,21,0,4.0424035174389081e-05,4.0424035174389081e-05,0
validation,BTCUSDT,4h,signal,mean_reversion_rsi14_below_30,6,high_50bps,21,21,0,-0.0019576602271969162,-0.0019576602271969162,0
validation,BTCUSDT,4h,signal,mean_reversion_rsi14_below_30,6,low_20bps,21,21,0,0.0010409652300775781,0.0010409652300775781,0
validation,BTCUSDT,4h,signal,momentum_return_12_positive,1,base_30bps,591,591,0,-0.0022544105997962184,-0.0022544105997962184,0
validation,BTCUSDT,4h,signal,momentum_return_12_positive,1,high_50bps,591,591,0,-0.0042479097745463639,-0.0042479097745463639,0
validation,BTCUSDT,4h,signal,momentum_return_12_positive,1,low_20bps,591,591,0,-0.001256165388667843,-0.001256165388667843,0
validation,BTCUSDT,4h,signal,momentum_return_12_positive,3,base_30bps,327,327,0,-0.0010068024059312352,-0.0010068024059312352,0
validation,BTCUSDT,4h,signal,momentum_return_12_positive,3,high_50bps,327,327,0,-0.0030027943062131321,-0.0030027943062131321,0
validation,BTCUSDT,4h,signal,momentum_return_12_positive,3,low_20bps,327,327,0,-7.3089618684083596e-06,-7.3089618684083596e-06,0
validation,BTCUSDT,4h,signal,momentum_return_12_positive,6,base_30bps,202,202,0,-0.0011920499277270164,-0.0011920499277270164,0
validation,BTCUSDT,4h,signal,momentum_return_12_positive,6,high_50bps,202,202,0,-0.0031876717028129259,-0.0031876717028129259,0
validation,BTCUSDT,4h,signal,momentum_return_12_positive,6,low_20bps,202,202,0,-0.00019274182394880094,-0.00019274182394880094,0
validation,BTCUSDT,4h,signal,trend_sma20_cross_above_sma50,1,base_30bps,20,20,0,-0.0012170426078360497,-0.0012170426078360497,0
validation,BTCUSDT,4h,signal,trend_sma20_cross_above_sma50,1,high_50bps,20,20,0,-0.0032126144474597163,-0.0032126144474597163,0
validation,BTCUSDT,4h,signal,trend_sma20_cross_above_sma50,1,low_20bps,20,20,0,-0.00021775950925301824,-0.00021775950925301824,0
validation,BTCUSDT,4h,signal,trend_sma20_cross_above_sma50,3,base_30bps,20,20,0,-0.0010928863324958793,-0.0010928863324958793,0
validation,BTCUSDT,4h,signal,trend_sma20_cross_above_sma50,3,high_50bps,20,20,0,-0.0030887062367916107,-0.0030887062367916107,0
validation,BTCUSDT,4h,signal,trend_sma20_cross_above_sma50,3,low_20bps,20,20,0,-9.3479015466196863e-05,-9.3479015466196863e-05,0
validation,BTCUSDT,4h,signal,trend_sma20_cross_above_sma50,6,base_30bps,20,20,0,-0.0056253585599613963,-0.0056253585599613963,0
validation,BTCUSDT,4h,signal,trend_sma20_cross_above_sma50,6,high_50bps,20,20,0,-0.0076121225689056663,-0.0076121225689056663,0
validation,BTCUSDT,4h,signal,trend_sma20_cross_above_sma50,6,low_20bps,20,20,0,-0.0046304859847974833,-0.0046304859847974833,0
validation,ETHUSDT,1h,baseline,always_flat,,base_30bps,0,0,0,,,
validation,ETHUSDT,1h,baseline,always_flat,,high_50bps,0,0,0,,,
validation,ETHUSDT,1h,baseline,always_flat,,low_20bps,0,0,0,,,
validation,ETHUSDT,1h,baseline,periodic_entry_baseline,12,base_30bps,50,50,0,-0.0051812529842045693,-0.0051812529842045693,0
validation,ETHUSDT,1h,baseline,periodic_entry_baseline,12,high_50bps,50,50,0,-0.0071689043176412851,-0.0071689043176412851,0
validation,ETHUSDT,1h,baseline,periodic_entry_baseline,12,low_20bps,50,50,0,-0.0041859360810787474,-0.0041859360810787474,0
validation,ETHUSDT,1h,baseline,periodic_entry_baseline,24,base_30bps,50,50,0,-0.0056179155828735604,-0.0056179155828735604,0
validation,ETHUSDT,1h,baseline,periodic_entry_baseline,24,high_50bps,50,50,0,-0.0076046944629120138,-0.0076046944629120138,0
validation,ETHUSDT,1h,baseline,periodic_entry_baseline,24,low_20bps,50,50,0,-0.0046230355610054948,-0.0046230355610054948,0
validation,ETHUSDT,1h,baseline,periodic_entry_baseline,4,base_30bps,50,50,0,-0.0042631601387538584,-0.0042631601387538584,0
validation,ETHUSDT,1h,baseline,periodic_entry_baseline,4,high_50bps,50,50,0,-0.006252645824904559,-0.006252645824904559,0
validation,ETHUSDT,1h,baseline,periodic_entry_baseline,4,low_20bps,50,50,0,-0.0032669246830470209,-0.0032669246830470209,0
validation,ETHUSDT,1h,baseline,segment_buy_and_hold,,base_30bps,2,2,0,0.29455516751466804,0.29455516751466804,0
validation,ETHUSDT,1h,baseline,segment_buy_and_hold,,high_50bps,2,2,0,0.29196864176549331,0.29196864176549331,0
validation,ETHUSDT,1h,baseline,segment_buy_and_hold,,low_20bps,2,2,0,0.2958503709314928,0.2958503709314928,0
validation,ETHUSDT,1h,signal,breakout_close_above_prior_high_20,12,base_30bps,164,164,0,-0.0033443409772588297,-0.0033443409772588297,0
validation,ETHUSDT,1h,signal,breakout_close_above_prior_high_20,12,high_50bps,164,164,0,-0.0053356624673055065,-0.0053356624673055065,0
validation,ETHUSDT,1h,signal,breakout_close_above_prior_high_20,12,low_20bps,164,164,0,-0.0023471862422912398,-0.0023471862422912398,0
validation,ETHUSDT,1h,signal,breakout_close_above_prior_high_20,24,base_30bps,136,136,0,-0.0036141334045332123,-0.0036141334045332123,0
validation,ETHUSDT,1h,signal,breakout_close_above_prior_high_20,24,high_50bps,136,136,0,-0.005604915848367263,-0.005604915848367263,0
validation,ETHUSDT,1h,signal,breakout_close_above_prior_high_20,24,low_20bps,136,136,0,-0.0026172485970916075,-0.0026172485970916075,0
validation,ETHUSDT,1h,signal,breakout_close_above_prior_high_20,4,base_30bps,196,196,0,-0.0025376655217656174,-0.0025376655217656174,0
validation,ETHUSDT,1h,signal,breakout_close_above_prior_high_20,4,high_50bps,196,196,0,-0.0045305987521916877,-0.0045305987521916877,0
validation,ETHUSDT,1h,signal,breakout_close_above_prior_high_20,4,low_20bps,196,196,0,-0.0015397037073992762,-0.0015397037073992762,0
validation,ETHUSDT,1h,signal,mean_reversion_close_2pct_below_sma20,12,base_30bps,55,55,0,-0.00011118030996637036,-0.00011118030996637036,0
validation,ETHUSDT,1h,signal,mean_reversion_close_2pct_below_sma20,12,high_50bps,55,55,0,-0.0021089616663262003,-0.0021089616663262003,0
validation,ETHUSDT,1h,signal,mean_reversion_close_2pct_below_sma20,12,low_20bps,55,55,0,0.00088920920467571059,0.00088920920467571059,0
validation,ETHUSDT,1h,signal,mean_reversion_close_2pct_below_sma20,24,base_30bps,49,49,0,0.0052469873964954717,0.0052469873964954717,0
validation,ETHUSDT,1h,signal,mean_reversion_close_2pct_below_sma20,24,high_50bps,49,49,0,0.0032385004023312964,0.0032385004023312964,0
validation,ETHUSDT,1h,signal,mean_reversion_close_2pct_below_sma20,24,low_20bps,49,49,0,0.0062527377619498933,0.0062527377619498933,0
validation,ETHUSDT,1h,signal,mean_reversion_close_2pct_below_sma20,4,base_30bps,82,82,0,-0.0016801938635038394,-0.0016801938635038394,0
validation,ETHUSDT,1h,signal,mean_reversion_close_2pct_below_sma20,4,high_50bps,82,82,0,-0.0036748403252999714,-0.0036748403252999714,0
validation,ETHUSDT,1h,signal,mean_reversion_close_2pct_below_sma20,4,low_20bps,82,82,0,-0.00068137414809978189,-0.00068137414809978189,0
validation,ETHUSDT,1h,signal,mean_reversion_rsi14_below_30,12,base_30bps,75,75,0,-0.0021637736064875281,-0.0021637736064875281,0
validation,ETHUSDT,1h,signal,mean_reversion_rsi14_below_30,12,high_50bps,75,75,0,-0.004157453874267073,-0.004157453874267073,0
validation,ETHUSDT,1h,signal,mean_reversion_rsi14_below_30,12,low_20bps,75,75,0,-0.0011654377129793033,-0.0011654377129793033,0
validation,ETHUSDT,1h,signal,mean_reversion_rsi14_below_30,24,base_30bps,65,65,0,0.0034179469572506514,0.0034179469572506514,0
validation,ETHUSDT,1h,signal,mean_reversion_rsi14_below_30,24,high_50bps,65,65,0,0.0014131143922765719,0.0014131143922765719,0
validation,ETHUSDT,1h,signal,mean_reversion_rsi14_below_30,24,low_20bps,65,65,0,0.0044218673663726652,0.0044218673663726652,0
validation,ETHUSDT,1h,signal,mean_reversion_rsi14_below_30,4,base_30bps,113,113,0,-0.0015186676096986314,-0.0015186676096986314,0
validation,ETHUSDT,1h,signal,mean_reversion_rsi14_below_30,4,high_50bps,113,113,0,-0.0035136368015144166,-0.0035136368015144166,0
validation,ETHUSDT,1h,signal,mean_reversion_rsi14_below_30,4,low_20bps,113,113,0,-0.00051968628715639111,-0.00051968628715639111,0
validation,ETHUSDT,1h,signal,momentum_return_12_positive,12,base_30bps,465,465,0,-0.0017818990319791762,-0.0017818990319791762,0
validation,ETHUSDT,1h,signal,momentum_return_12_positive,12,high_50bps,465,465,0,-0.0037763422864932508,-0.0037763422864932508,0
validation,ETHUSDT,1h,signal,momentum_return_12_positive,12,low_20bps,465,465,0,-0.00078318107267252401,-0.00078318107267252401,0
validation,ETHUSDT,1h,signal,momentum_return_12_positive,24,base_30bps,273,273,0,-0.0014715540148357313,-0.0014715540148357313,0
validation,ETHUSDT,1h,signal,momentum_return_12_positive,24,high_50bps,273,273,0,-0.0034666173397787056,-0.0034666173397787056,0
validation,ETHUSDT,1h,signal,momentum_return_12_positive,24,low_20bps,273,273,0,-0.00047252555510646953,-0.00047252555510646953,0
validation,ETHUSDT,1h,signal,momentum_return_12_positive,4,base_30bps,1006,1006,0,-0.0025869021811977719,-0.0025869021811977719,0
validation,ETHUSDT,1h,signal,momentum_return_12_positive,4,high_50bps,1006,1006,0,-0.0045797370366062158,-0.0045797370366062158,0
validation,ETHUSDT,1h,signal,momentum_return_12_positive,4,low_20bps,1006,1006,0,-0.0015889896281461664,-0.0015889896281461664,0
validation,ETHUSDT,1h,signal,trend_sma20_cross_above_sma50,12,base_30bps,91,91,0,-0.0016611539316340929,-0.0016611539316340929,0
validation,ETHUSDT,1h,signal,trend_sma20_cross_above_sma50,12,high_50bps,91,91,0,-0.0036558384352806702,-0.0036558384352806702,0
validation,ETHUSDT,1h,signal,trend_sma20_cross_above_sma50,12,low_20bps,91,91,0,-0.000662315166763914,-0.000662315166763914,0
validation,ETHUSDT,1h,signal,trend_sma20_cross_above_sma50,24,base_30bps,87,87,0,-0.00015313615295273805,-0.00015313615295273805,0
validation,ETHUSDT,1h,signal,trend_sma20_cross_above_sma50,24,high_50bps,87,87,0,-0.0021508336813916597,-0.0021508336813916597,0
validation,ETHUSDT,1h,signal,trend_sma20_cross_above_sma50,24,low_20bps,87,87,0,0.00084721138483695761,0.00084721138483695761,0
validation,ETHUSDT,1h,signal,trend_sma20_cross_above_sma50,4,base_30bps,92,92,0,-0.0027726082317496943,-0.0027726082317496943,0
validation,ETHUSDT,1h,signal,trend_sma20_cross_above_sma50,4,high_50bps,92,92,0,-0.0047650720458200973,-0.0047650720458200973,0
validation,ETHUSDT,1h,signal,trend_sma20_cross_above_sma50,4,low_20bps,92,92,0,-0.0017748814777410701,-0.0017748814777410701,0
validation,ETHUSDT,4h,baseline,always_flat,,base_30bps,0,0,0,,,
validation,ETHUSDT,4h,baseline,always_flat,,high_50bps,0,0,0,,,
validation,ETHUSDT,4h,baseline,always_flat,,low_20bps,0,0,0,,,
validation,ETHUSDT,4h,baseline,periodic_entry_baseline,1,base_30bps,50,50,0,-0.0042631601387538584,-0.0042631601387538584,0
validation,ETHUSDT,4h,baseline,periodic_entry_baseline,1,high_50bps,50,50,0,-0.006252645824904559,-0.006252645824904559,0
validation,ETHUSDT,4h,baseline,periodic_entry_baseline,1,low_20bps,50,50,0,-0.0032669246830470209,-0.0032669246830470209,0
validation,ETHUSDT,4h,baseline,periodic_entry_baseline,3,base_30bps,50,50,0,-0.0051812529842045693,-0.0051812529842045693,0
validation,ETHUSDT,4h,baseline,periodic_entry_baseline,3,high_50bps,50,50,0,-0.0071689043176412851,-0.0071689043176412851,0
validation,ETHUSDT,4h,baseline,periodic_entry_baseline,3,low_20bps,50,50,0,-0.0041859360810787474,-0.0041859360810787474,0
validation,ETHUSDT,4h,baseline,periodic_entry_baseline,6,base_30bps,50,50,0,-0.0056179155828735604,-0.0056179155828735604,0
validation,ETHUSDT,4h,baseline,periodic_entry_baseline,6,high_50bps,50,50,0,-0.0076046944629120138,-0.0076046944629120138,0
validation,ETHUSDT,4h,baseline,periodic_entry_baseline,6,low_20bps,50,50,0,-0.0046230355610054948,-0.0046230355610054948,0
validation,ETHUSDT,4h,baseline,segment_buy_and_hold,,base_30bps,2,2,0,0.30652845851124022,0.30652845851124022,0
validation,ETHUSDT,4h,baseline,segment_buy_and_hold,,high_50bps,2,2,0,0.3039180100848079,0.3039180100848079,0
validation,ETHUSDT,4h,baseline,segment_buy_and_hold,,low_20bps,2,2,0,0.30783564121469453,0.30783564121469453,0
validation,ETHUSDT,4h,signal,breakout_close_above_prior_high_20,1,base_30bps,69,69,0,0.00044801597133336288,0.00044801597133336288,0
validation,ETHUSDT,4h,signal,breakout_close_above_prior_high_20,1,high_50bps,69,69,0,-0.001550882661150902,-0.001550882661150902,0
validation,ETHUSDT,4h,signal,breakout_close_above_prior_high_20,1,low_20bps,69,69,0,0.0014489649622746491,0.0014489649622746491,0
validation,ETHUSDT,4h,signal,breakout_close_above_prior_high_20,3,base_30bps,57,57,0,0.0020842709672037512,0.0020842709672037512,0
validation,ETHUSDT,4h,signal,breakout_close_above_prior_high_20,3,high_50bps,57,57,0,8.2103091518973724e-05,8.2103091518973724e-05,0
validation,ETHUSDT,4h,signal,breakout_close_above_prior_high_20,3,low_20bps,57,57,0,0.003086857032496614,0.003086857032496614,0
validation,ETHUSDT,4h,signal,breakout_close_above_prior_high_20,6,base_30bps,49,49,0,0.0018038488102168088,0.0018038488102168088,0
validation,ETHUSDT,4h,signal,breakout_close_above_prior_high_20,6,high_50bps,49,49,0,-0.00019775878101820616,-0.00019775878101820616,0
validation,ETHUSDT,4h,signal,breakout_close_above_prior_high_20,6,low_20bps,49,49,0,0.0028061543129311137,0.0028061543129311137,0
validation,ETHUSDT,4h,signal,mean_reversion_close_2pct_below_sma20,1,base_30bps,131,131,0,-0.0022963493160928863,-0.0022963493160928863,0
validation,ETHUSDT,4h,signal,mean_reversion_close_2pct_below_sma20,1,high_50bps,131,131,0,-0.0042897646971413019,-0.0042897646971413019,0
validation,ETHUSDT,4h,signal,mean_reversion_close_2pct_below_sma20,1,low_20bps,131,131,0,-0.0012981460646816552,-0.0012981460646816552,0
validation,ETHUSDT,4h,signal,mean_reversion_close_2pct_below_sma20,3,base_30bps,81,81,0,-0.0007324059267193807,-0.0007324059267193807,0
validation,ETHUSDT,4h,signal,mean_reversion_close_2pct_below_sma20,3,high_50bps,81,81,0,-0.0027289460721257714,-0.0027289460721257714,0
validation,ETHUSDT,4h,signal,mean_reversion_close_2pct_below_sma20,3,low_20bps,81,81,0,0.00026736205122684313,0.00026736205122684313,0
validation,ETHUSDT,4h,signal,mean_reversion_close_2pct_below_sma20,6,base_30bps,58,58,0,0.0055058380549017558,0.0055058380549017558,0
validation,ETHUSDT,4h,signal,mean_reversion_close_2pct_below_sma20,6,high_50bps,58,58,0,0.003496833876217382,0.003496833876217382,0
validation,ETHUSDT,4h,signal,mean_reversion_close_2pct_below_sma20,6,low_20bps,58,58,0,0.006511847400634185,0.006511847400634185,0
validation,ETHUSDT,4h,signal,mean_reversion_rsi14_below_30,1,base_30bps,44,44,0,-0.0019807579099041643,-0.0019807579099041643,0
validation,ETHUSDT,4h,signal,mean_reversion_rsi14_below_30,1,high_50bps,44,44,0,-0.0039748038436851103,-0.0039748038436851103,0
validation,ETHUSDT,4h,signal,mean_reversion_rsi14_below_30,1,low_20bps,44,44,0,-0.00098223890905415907,-0.00098223890905415907,0
validation,ETHUSDT,4h,signal,mean_reversion_rsi14_below_30,3,base_30bps,30,30,0,-0.0027570833914898562,-0.0027570833914898562,0
validation,ETHUSDT,4h,signal,mean_reversion_rsi14_below_30,3,high_50bps,30,30,0,-0.0047495782242453505,-0.0047495782242453505,0
validation,ETHUSDT,4h,signal,mean_reversion_rsi14_below_30,3,low_20bps,30,30,0,-0.0017593411048669183,-0.0017593411048669183,0
validation,ETHUSDT,4h,signal,mean_reversion_rsi14_below_30,6,base_30bps,21,21,0,-0.0012405875962628718,-0.0012405875962628718,0
validation,ETHUSDT,4h,signal,mean_reversion_rsi14_below_30,6,high_50bps,21,21,0,-0.0032361123929173863,-0.0032361123929173863,0
validation,ETHUSDT,4h,signal,mean_reversion_rsi14_below_30,6,low_20bps,21,21,0,-0.00024132805445848104,-0.00024132805445848104,0
validation,ETHUSDT,4h,signal,momentum_return_12_positive,1,base_30bps,552,552,0,-0.0025532992887587029,-0.0025532992887587029,0
validation,ETHUSDT,4h,signal,momentum_return_12_positive,1,high_50bps,552,552,0,-0.0045462012828636801,-0.0045462012828636801,0
validation,ETHUSDT,4h,signal,momentum_return_12_positive,1,low_20bps,552,552,0,-0.0015553531159879881,-0.0015553531159879881,0
validation,ETHUSDT,4h,signal,momentum_return_12_positive,3,base_30bps,311,311,0,-0.0020758053136930876,-0.0020758053136930876,0
validation,ETHUSDT,4h,signal,momentum_return_12_positive,3,high_50bps,311,311,0,-0.0040696613424290942,-0.0040696613424290942,0
validation,ETHUSDT,4h,signal,momentum_return_12_positive,3,low_20bps,311,311,0,-0.0010773814078418984,-0.0010773814078418984,0
validation,ETHUSDT,4h,signal,momentum_return_12_positive,6,base_30bps,197,197,0,-0.0014271338082545014,-0.0014271338082545014,0
validation,ETHUSDT,4h,signal,momentum_return_12_positive,6,high_50bps,197,197,0,-0.0034222858849254877,-0.0034222858849254877,0
validation,ETHUSDT,4h,signal,momentum_return_12_positive,6,low_20bps,197,197,0,-0.00042806090607521851,-0.00042806090607521851,0
validation,ETHUSDT,4h,signal,trend_sma20_cross_above_sma50,1,base_30bps,21,21,0,-0.0029546622225198487,-0.0029546622225198487,0
validation,ETHUSDT,4h,signal,trend_sma20_cross_above_sma50,1,high_50bps,21,21,0,-0.0049467622920803429,-0.0049467622920803429,0
validation,ETHUSDT,4h,signal,trend_sma20_cross_above_sma50,1,low_20bps,21,21,0,-0.0019571176136656395,-0.0019571176136656395,0
validation,ETHUSDT,4h,signal,trend_sma20_cross_above_sma50,3,base_30bps,21,21,0,-0.00097633460850320478,-0.00097633460850320478,0
validation,ETHUSDT,4h,signal,trend_sma20_cross_above_sma50,3,high_50bps,21,21,0,-0.0029723873835508204,-0.0029723873835508204,0
validation,ETHUSDT,4h,signal,trend_sma20_cross_above_sma50,3,low_20bps,21,21,0,2.3189318613823334e-05,2.3189318613823334e-05,0
validation,ETHUSDT,4h,signal,trend_sma20_cross_above_sma50,6,base_30bps,21,21,0,-0.00058933976981012128,-0.00058933976981012128,0
validation,ETHUSDT,4h,signal,trend_sma20_cross_above_sma50,6,high_50bps,21,21,0,-0.0025861657618980369,-0.0025861657618980369,0
validation,ETHUSDT,4h,signal,trend_sma20_cross_above_sma50,6,low_20bps,21,21,0,0.00041057134593348534,0.00041057134593348534,0
validation,SOLUSDT,1h,baseline,always_flat,,base_30bps,0,0,0,,,
validation,SOLUSDT,1h,baseline,always_flat,,high_50bps,0,0,0,,,
validation,SOLUSDT,1h,baseline,always_flat,,low_20bps,0,0,0,,,
validation,SOLUSDT,1h,baseline,periodic_entry_baseline,12,base_30bps,50,50,0,-0.0038480204699073029,-0.0038480204699073029,0
validation,SOLUSDT,1h,baseline,periodic_entry_baseline,12,high_50bps,50,50,0,-0.0058383356065672973,-0.0058383356065672973,0
validation,SOLUSDT,1h,baseline,periodic_entry_baseline,12,low_20bps,50,50,0,-0.0028513696666501564,-0.0028513696666501564,0
validation,SOLUSDT,1h,baseline,periodic_entry_baseline,24,base_30bps,50,50,0,-0.0047185411932860414,-0.0047185411932860414,0
validation,SOLUSDT,1h,baseline,periodic_entry_baseline,24,high_50bps,50,50,0,-0.0067071170264982327,-0.0067071170264982327,0
validation,SOLUSDT,1h,baseline,periodic_entry_baseline,24,low_20bps,50,50,0,-0.0037227613466660815,-0.0037227613466660815,0
validation,SOLUSDT,1h,baseline,periodic_entry_baseline,4,base_30bps,50,50,0,-0.0013116149173071246,-0.0013116149173071246,0
validation,SOLUSDT,1h,baseline,periodic_entry_baseline,4,high_50bps,50,50,0,-0.0033069978011259814,-0.0033069978011259814,0
validation,SOLUSDT,1h,baseline,periodic_entry_baseline,4,low_20bps,50,50,0,-0.00031242643839074935,-0.00031242643839074935,0
validation,SOLUSDT,1h,baseline,segment_buy_and_hold,,base_30bps,2,2,0,2.4769816325844976,2.4769816325844976,0
validation,SOLUSDT,1h,baseline,segment_buy_and_hold,,high_50bps,2,2,0,2.4700346111305156,2.4700346111305156,0
validation,SOLUSDT,1h,baseline,segment_buy_and_hold,,low_20bps,2,2,0,2.4804603553178097,2.4804603553178097,0
validation,SOLUSDT,1h,signal,breakout_close_above_prior_high_20,12,base_30bps,157,157,0,0.0044696742149829037,0.0044696742149829037,0
validation,SOLUSDT,1h,signal,breakout_close_above_prior_high_20,12,high_50bps,157,157,0,0.0024627402952720895,0.0024627402952720895,0
validation,SOLUSDT,1h,signal,breakout_close_above_prior_high_20,12,low_20bps,157,157,0,0.0054746468780157475,0.0054746468780157475,0
validation,SOLUSDT,1h,signal,breakout_close_above_prior_high_20,24,base_30bps,128,128,0,0.0092604513293597542,0.0092604513293597542,0
validation,SOLUSDT,1h,signal,breakout_close_above_prior_high_20,24,high_50bps,128,128,0,0.0072439454202306288,0.0072439454202306288,0
validation,SOLUSDT,1h,signal,breakout_close_above_prior_high_20,24,low_20bps,128,128,0,0.010270217168491609,0.010270217168491609,0
validation,SOLUSDT,1h,signal,breakout_close_above_prior_high_20,4,base_30bps,215,215,0,-0.00074777357169567851,-0.00074777357169567851,0
validation,SOLUSDT,1h,signal,breakout_close_above_prior_high_20,4,high_50bps,215,215,0,-0.0027442830124936837,-0.0027442830124936837,0
validation,SOLUSDT,1h,signal,breakout_close_above_prior_high_20,4,low_20bps,215,215,0,0.0002519790309102321,0.0002519790309102321,0
validation,SOLUSDT,1h,signal,mean_reversion_close_2pct_below_sma20,12,base_30bps,166,166,0,0.0045147800259056573,0.0045147800259056573,0
validation,SOLUSDT,1h,signal,mean_reversion_close_2pct_below_sma20,12,high_50bps,166,166,0,0.0025077559846269728,0.0025077559846269728,0
validation,SOLUSDT,1h,signal,mean_reversion_close_2pct_below_sma20,12,low_20bps,166,166,0,0.0055197978173361657,0.0055197978173361657,0
validation,SOLUSDT,1h,signal,mean_reversion_close_2pct_below_sma20,24,base_30bps,127,127,0,0.011226930883619533,0.011226930883619533,0
validation,SOLUSDT,1h,signal,mean_reversion_close_2pct_below_sma20,24,high_50bps,127,127,0,0.0092064959414681295,0.0092064959414681295,0
validation,SOLUSDT,1h,signal,mean_reversion_close_2pct_below_sma20,24,low_20bps,127,127,0,0.012238664187021504,0.012238664187021504,0
validation,SOLUSDT,1h,signal,mean_reversion_close_2pct_below_sma20,4,base_30bps,284,284,0,-0.00039900533957439754,-0.00039900533957439754,0
validation,SOLUSDT,1h,signal,mean_reversion_close_2pct_below_sma20,4,high_50bps,284,284,0,-0.0023962116205191314,-0.0023962116205191314,0
validation,SOLUSDT,1h,signal,mean_reversion_close_2pct_below_sma20,4,low_20bps,284,284,0,0.00060109620590954112,0.00060109620590954112,0
validation,SOLUSDT,1h,signal,mean_reversion_rsi14_below_30,12,base_30bps,67,67,0,0.0031963890814904338,0.0031963890814904338,0
validation,SOLUSDT,1h,signal,mean_reversion_rsi14_below_30,12,high_50bps,67,67,0,0.0011919991899265066,0.0011919991899265066,0
validation,SOLUSDT,1h,signal,mean_reversion_rsi14_below_30,12,low_20bps,67,67,0,0.0042000878217914421,0.0042000878217914421,0
validation,SOLUSDT,1h,signal,mean_reversion_rsi14_below_30,24,base_30bps,57,57,0,0.0079229597107145222,0.0079229597107145222,0
validation,SOLUSDT,1h,signal,mean_reversion_rsi14_below_30,24,high_50bps,57,57,0,0.0059091261145139727,0.0059091261145139727,0
validation,SOLUSDT,1h,signal,mean_reversion_rsi14_below_30,24,low_20bps,57,57,0,0.0089313873884779536,0.0089313873884779536,0
validation,SOLUSDT,1h,signal,mean_reversion_rsi14_below_30,4,base_30bps,97,97,0,0.0019138920170909193,0.0019138920170909193,0
validation,SOLUSDT,1h,signal,mean_reversion_rsi14_below_30,4,high_50bps,97,97,0,-8.7935440856043583e-05,-8.7935440856043583e-05,0
validation,SOLUSDT,1h,signal,mean_reversion_rsi14_below_30,4,low_20bps,97,97,0,0.0029163076181163037,0.0029163076181163037,0
validation,SOLUSDT,1h,signal,momentum_return_12_positive,12,base_30bps,461,461,0,0.0023018708323924528,0.0023018708323924528,0
validation,SOLUSDT,1h,signal,momentum_return_12_positive,12,high_50bps,461,461,0,0.00029926819141654727,0.00029926819141654727,0
validation,SOLUSDT,1h,signal,momentum_return_12_positive,12,low_20bps,461,461,0,0.0033046746065137915,0.0033046746065137915,0
validation,SOLUSDT,1h,signal,momentum_return_12_positive,24,base_30bps,279,279,0,0.0052443396375394377,0.0052443396375394377,0
validation,SOLUSDT,1h,signal,momentum_return_12_positive,24,high_50bps,279,279,0,0.0032358579336068823,0.0032358579336068823,0
validation,SOLUSDT,1h,signal,momentum_return_12_positive,24,low_20bps,279,279,0,0.0062500873539090042,0.0062500873539090042,0
validation,SOLUSDT,1h,signal,momentum_return_12_positive,4,base_30bps,1026,1026,0,-0.0016219623928321815,-0.0016219623928321815,0
validation,SOLUSDT,1h,signal,momentum_return_12_positive,4,high_50bps,1026,1026,0,-0.0036167252013102596,-0.0036167252013102596,0
validation,SOLUSDT,1h,signal,momentum_return_12_positive,4,low_20bps,1026,1026,0,-0.0006230844167980095,-0.0006230844167980095,0
validation,SOLUSDT,1h,signal,trend_sma20_cross_above_sma50,12,base_30bps,91,91,0,0.0010658133021011821,0.0010658133021011821,0
validation,SOLUSDT,1h,signal,trend_sma20_cross_above_sma50,12,high_50bps,91,91,0,-0.00093431969160916704,-0.00093431969160916704,0
validation,SOLUSDT,1h,signal,trend_sma20_cross_above_sma50,12,low_20bps,91,91,0,0.0020673803997356558,0.0020673803997356558,0
validation,SOLUSDT,1h,signal,trend_sma20_cross_above_sma50,24,base_30bps,88,88,0,-0.0029206597621140571,-0.0029206597621140571,0
validation,SOLUSDT,1h,signal,trend_sma20_cross_above_sma50,24,high_50bps,88,88,0,-0.0049128277687093512,-0.0049128277687093512,0
validation,SOLUSDT,1h,signal,trend_sma20_cross_above_sma50,24,low_20bps,88,88,0,-0.0019230811337726842,-0.0019230811337726842,0
validation,SOLUSDT,1h,signal,trend_sma20_cross_above_sma50,4,base_30bps,92,92,0,-0.0018789829803446617,-0.0018789829803446617,0
validation,SOLUSDT,1h,signal,trend_sma20_cross_above_sma50,4,high_50bps,92,92,0,-0.0038732322607905817,-0.0038732322607905817,0
validation,SOLUSDT,1h,signal,trend_sma20_cross_above_sma50,4,low_20bps,92,92,0,-0.00088036215360122157,-0.00088036215360122157,0
validation,SOLUSDT,4h,baseline,always_flat,,base_30bps,0,0,0,,,
validation,SOLUSDT,4h,baseline,always_flat,,high_50bps,0,0,0,,,
validation,SOLUSDT,4h,baseline,always_flat,,low_20bps,0,0,0,,,
validation,SOLUSDT,4h,baseline,periodic_entry_baseline,1,base_30bps,50,50,0,-0.0013116149173071246,-0.0013116149173071246,0
validation,SOLUSDT,4h,baseline,periodic_entry_baseline,1,high_50bps,50,50,0,-0.0033069978011259814,-0.0033069978011259814,0
validation,SOLUSDT,4h,baseline,periodic_entry_baseline,1,low_20bps,50,50,0,-0.00031242643839074935,-0.00031242643839074935,0
validation,SOLUSDT,4h,baseline,periodic_entry_baseline,3,base_30bps,50,50,0,-0.0038480204699073029,-0.0038480204699073029,0
validation,SOLUSDT,4h,baseline,periodic_entry_baseline,3,high_50bps,50,50,0,-0.0058383356065672973,-0.0058383356065672973,0
validation,SOLUSDT,4h,baseline,periodic_entry_baseline,3,low_20bps,50,50,0,-0.0028513696666501564,-0.0028513696666501564,0
validation,SOLUSDT,4h,baseline,periodic_entry_baseline,6,base_30bps,50,50,0,-0.0047185411932860414,-0.0047185411932860414,0
validation,SOLUSDT,4h,baseline,periodic_entry_baseline,6,high_50bps,50,50,0,-0.0067071170264982327,-0.0067071170264982327,0
validation,SOLUSDT,4h,baseline,periodic_entry_baseline,6,low_20bps,50,50,0,-0.0037227613466660815,-0.0037227613466660815,0
validation,SOLUSDT,4h,baseline,segment_buy_and_hold,,base_30bps,2,2,0,2.5553479433270208,2.5553479433270208,0
validation,SOLUSDT,4h,baseline,segment_buy_and_hold,,high_50bps,2,2,0,2.5482443457102848,2.5482443457102848,0
validation,SOLUSDT,4h,baseline,segment_buy_and_hold,,low_20bps,2,2,0,2.5589050716130548,2.5589050716130548,0
validation,SOLUSDT,4h,signal,breakout_close_above_prior_high_20,1,base_30bps,84,84,0,0.0015317810551688132,0.0015317810551688132,0
validation,SOLUSDT,4h,signal,breakout_close_above_prior_high_20,1,high_50bps,84,84,0,-0.0004692829437407358,-0.0004692829437407358,0
validation,SOLUSDT,4h,signal,breakout_close_above_prior_high_20,1,low_20bps,84,84,0,0.0025338143538900025,0.0025338143538900025,0
validation,SOLUSDT,4h,signal,breakout_close_above_prior_high_20,3,base_30bps,71,71,0,0.0098755364380786782,0.0098755364380786782,0
validation,SOLUSDT,4h,signal,breakout_close_above_prior_high_20,3,high_50bps,71,71,0,0.007857801586752599,0.007857801586752599,0
validation,SOLUSDT,4h,signal,breakout_close_above_prior_high_20,3,low_20bps,71,71,0,0.010885917670323486,0.010885917670323486,0
validation,SOLUSDT,4h,signal,breakout_close_above_prior_high_20,6,base_30bps,55,55,0,0.019996773779932055,0.019996773779932055,0
validation,SOLUSDT,4h,signal,breakout_close_above_prior_high_20,6,high_50bps,55,55,0,0.017958816661023152,0.017958816661023152,0
validation,SOLUSDT,4h,signal,breakout_close_above_prior_high_20,6,low_20bps,55,55,0,0.02101728131773465,0.02101728131773465,0
validation,SOLUSDT,4h,signal,mean_reversion_close_2pct_below_sma20,1,base_30bps,271,271,0,-0.0009393392574618012,-0.0009393392574618012,0
validation,SOLUSDT,4h,signal,mean_reversion_close_2pct_below_sma20,1,high_50bps,271,271,0,-0.002935465949350128,-0.002935465949350128,0
validation,SOLUSDT,4h,signal,mean_reversion_close_2pct_below_sma20,1,low_20bps,271,271,0,6.0221683531697739e-05,6.0221683531697739e-05,0
validation,SOLUSDT,4h,signal,mean_reversion_close_2pct_below_sma20,3,base_30bps,157,157,0,0.0019800419585668124,0.0019800419585668124,0
validation,SOLUSDT,4h,signal,mean_reversion_close_2pct_below_sma20,3,high_50bps,157,157,0,-2.1917667194386182e-05,-2.1917667194386182e-05,0
validation,SOLUSDT,4h,signal,mean_reversion_close_2pct_below_sma20,3,low_20bps,157,157,0,0.0029825237426583163,0.0029825237426583163,0
validation,SOLUSDT,4h,signal,mean_reversion_close_2pct_below_sma20,6,base_30bps,99,99,0,-0.0016407987919340161,-0.0016407987919340161,0
validation,SOLUSDT,4h,signal,mean_reversion_close_2pct_below_sma20,6,high_50bps,99,99,0,-0.0036355239652208831,-0.0036355239652208831,0
validation,SOLUSDT,4h,signal,mean_reversion_close_2pct_below_sma20,6,low_20bps,99,99,0,-0.0006419396617312965,-0.0006419396617312965,0
validation,SOLUSDT,4h,signal,mean_reversion_rsi14_below_30,1,base_30bps,35,35,0,-0.0016598209009834474,-0.0016598209009834474,0
validation,SOLUSDT,4h,signal,mean_reversion_rsi14_below_30,1,high_50bps,35,35,0,-0.0036545080680298997,-0.0036545080680298997,0
validation,SOLUSDT,4h,signal,mean_reversion_rsi14_below_30,1,low_20bps,35,35,0,-0.00066098080241512309,-0.00066098080241512309,0
validation,SOLUSDT,4h,signal,mean_reversion_rsi14_below_30,3,base_30bps,24,24,0,0.00014622064883732891,0.00014622064883732891,0
validation,SOLUSDT,4h,signal,mean_reversion_rsi14_below_30,3,high_50bps,24,24,0,-0.0018520749955377956,-0.0018520749955377956,0
validation,SOLUSDT,4h,signal,mean_reversion_rsi14_below_30,3,low_20bps,24,24,0,0.0011468676933319387,0.0011468676933319387,0
validation,SOLUSDT,4h,signal,mean_reversion_rsi14_below_30,6,base_30bps,18,18,0,0.0040229928100881662,0.0040229928100881662,0
validation,SOLUSDT,4h,signal,mean_reversion_rsi14_below_30,6,high_50bps,18,18,0,0.0020169513613855338,0.0020169513613855338,0
validation,SOLUSDT,4h,signal,mean_reversion_rsi14_below_30,6,low_20bps,18,18,0,0.0050275185680401114,0.0050275185680401114,0
validation,SOLUSDT,4h,signal,momentum_return_12_positive,1,base_30bps,567,567,0,-0.00030379524056557342,-0.00030379524056557342,0
validation,SOLUSDT,4h,signal,momentum_return_12_positive,1,high_50bps,567,567,0,-0.0023011917516208881,-0.0023011917516208881,0
validation,SOLUSDT,4h,signal,momentum_return_12_positive,1,low_20bps,567,567,0,0.00069640156269388837,0.00069640156269388837,0
validation,SOLUSDT,4h,signal,momentum_return_12_positive,3,base_30bps,309,309,0,0.0024977991901944502,0.0024977991901944502,0
validation,SOLUSDT,4h,signal,momentum_return_12_positive,3,high_50bps,309,309,0,0.00049480508367489369,0.00049480508367489369,0
validation,SOLUSDT,4h,signal,momentum_return_12_positive,3,low_20bps,309,309,0,0.0035007989907848503,0.0035007989907848503,0
validation,SOLUSDT,4h,signal,momentum_return_12_positive,6,base_30bps,195,195,0,0.0090685894406023863,0.0090685894406023863,0
validation,SOLUSDT,4h,signal,momentum_return_12_positive,6,high_50bps,195,195,0,0.0070524668721975515,0.0070524668721975515,0
validation,SOLUSDT,4h,signal,momentum_return_12_positive,6,low_20bps,195,195,0,0.010078163321770519,0.010078163321770519,0
validation,SOLUSDT,4h,signal,trend_sma20_cross_above_sma50,1,base_30bps,23,23,0,-0.0099813450457910628,-0.0099813450457910628,0
validation,SOLUSDT,4h,signal,trend_sma20_cross_above_sma50,1,high_50bps,23,23,0,-0.011959405778512389,-0.011959405778512389,0
validation,SOLUSDT,4h,signal,trend_sma20_cross_above_sma50,1,low_20bps,23,23,0,-0.0089908306383759129,-0.0089908306383759129,0
validation,SOLUSDT,4h,signal,trend_sma20_cross_above_sma50,3,base_30bps,23,23,0,-0.0078293475118681073,-0.0078293475118681073,0
validation,SOLUSDT,4h,signal,trend_sma20_cross_above_sma50,3,high_50bps,23,23,0,-0.0098117079431834717,-0.0098117079431834717,0
validation,SOLUSDT,4h,signal,trend_sma20_cross_above_sma50,3,low_20bps,23,23,0,-0.0068366800293049555,-0.0068366800293049555,0
validation,SOLUSDT,4h,signal,trend_sma20_cross_above_sma50,6,base_30bps,22,22,0,-0.0069187695389411963,-0.0069187695389411963,0
validation,SOLUSDT,4h,signal,trend_sma20_cross_above_sma50,6,high_50bps,22,22,0,-0.0089029493082289409,-0.0089029493082289409,0
validation,SOLUSDT,4h,signal,trend_sma20_cross_above_sma50,6,low_20bps,22,22,0,-0.0059251910224325669,-0.0059251910224325669,0
