split,symbol,timeframe,context_variant,signal_id,holding_bars,signal_count,executable_signal_count,rejected_boundary_count,rejected_overlap_count
development,BTCUSDT,1h,primary_d1,breakout_close_above_prior_high_20,12,503,253,0,250
development,BTCUSDT,1h,primary_d1,breakout_close_above_prior_high_20,24,503,198,0,305
development,BTCUSDT,1h,primary_d1,breakout_close_above_prior_high_20,4,503,313,0,190
development,BTCUSDT,1h,primary_d1,mean_reversion_close_2pct_below_sma20,12,1533,246,0,1287
development,BTCUSDT,1h,primary_d1,mean_reversion_close_2pct_below_sma20,24,1533,170,7,1356
development,BTCUSDT,1h,primary_d1,mean_reversion_close_2pct_below_sma20,4,1533,436,1,1096
development,BTCUSDT,1h,primary_d1,mean_reversion_rsi14_below_30,12,771,160,0,611
development,BTCUSDT,1h,primary_d1,mean_reversion_rsi14_below_30,24,771,116,0,655
development,BTCUSDT,1h,primary_d1,mean_reversion_rsi14_below_30,4,771,261,0,510
development,BTCUSDT,1h,primary_d1,momentum_return_12_positive,12,6339,753,14,5572
development,BTCUSDT,1h,primary_d1,momentum_return_12_positive,24,6339,440,15,5884
development,BTCUSDT,1h,primary_d1,momentum_return_12_positive,4,6339,1640,3,4696
development,BTCUSDT,1h,primary_d1,trend_sma20_cross_above_sma50,12,153,147,1,5
development,BTCUSDT,1h,primary_d1,trend_sma20_cross_above_sma50,24,153,143,2,8
development,BTCUSDT,1h,primary_d1,trend_sma20_cross_above_sma50,4,153,153,0,0
development,BTCUSDT,1h,sensitivity_d2,breakout_close_above_prior_high_20,12,503,253,0,250
development,BTCUSDT,1h,sensitivity_d2,breakout_close_above_prior_high_20,24,503,198,0,305
development,BTCUSDT,1h,sensitivity_d2,breakout_close_above_prior_high_20,4,503,313,0,190
development,BTCUSDT,1h,sensitivity_d2,mean_reversion_close_2pct_below_sma20,12,1533,246,0,1287
development,BTCUSDT,1h,sensitivity_d2,mean_reversion_close_2pct_below_sma20,24,1533,170,7,1356
development,BTCUSDT,1h,sensitivity_d2,mean_reversion_close_2pct_below_sma20,4,1533,436,1,1096
development,BTCUSDT,1h,sensitivity_d2,mean_reversion_rsi14_below_30,12,771,160,0,611
development,BTCUSDT,1h,sensitivity_d2,mean_reversion_rsi14_below_30,24,771,116,0,655
development,BTCUSDT,1h,sensitivity_d2,mean_reversion_rsi14_below_30,4,771,261,0,510
development,BTCUSDT,1h,sensitivity_d2,momentum_return_12_positive,12,6339,753,14,5572
development,BTCUSDT,1h,sensitivity_d2,momentum_return_12_positive,24,6339,440,15,5884
development,BTCUSDT,1h,sensitivity_d2,momentum_return_12_positive,4,6339,1640,3,4696
development,BTCUSDT,1h,sensitivity_d2,trend_sma20_cross_above_sma50,12,153,147,1,5
development,BTCUSDT,1h,sensitivity_d2,trend_sma20_cross_above_sma50,24,153,143,2,8
development,BTCUSDT,1h,sensitivity_d2,trend_sma20_cross_above_sma50,4,153,153,0,0
development,BTCUSDT,4h,primary_d1,breakout_close_above_prior_high_20,1,126,98,0,28
development,BTCUSDT,4h,primary_d1,breakout_close_above_prior_high_20,3,126,83,0,43
development,BTCUSDT,4h,primary_d1,breakout_close_above_prior_high_20,6,126,65,1,60
development,BTCUSDT,4h,primary_d1,mean_reversion_close_2pct_below_sma20,1,855,472,1,382
development,BTCUSDT,4h,primary_d1,mean_reversion_close_2pct_below_sma20,3,855,271,3,581
development,BTCUSDT,4h,primary_d1,mean_reversion_close_2pct_below_sma20,6,855,178,3,674
development,BTCUSDT,4h,primary_d1,mean_reversion_rsi14_below_30,1,210,129,0,81
development,BTCUSDT,4h,primary_d1,mean_reversion_rsi14_below_30,3,210,87,0,123
development,BTCUSDT,4h,primary_d1,mean_reversion_rsi14_below_30,6,210,62,0,148
development,BTCUSDT,4h,primary_d1,momentum_return_12_positive,1,1507,826,2,679
development,BTCUSDT,4h,primary_d1,momentum_return_12_positive,3,1507,459,6,1042
development,BTCUSDT,4h,primary_d1,momentum_return_12_positive,6,1507,293,13,1201
development,BTCUSDT,4h,primary_d1,trend_sma20_cross_above_sma50,1,38,38,0,0
development,BTCUSDT,4h,primary_d1,trend_sma20_cross_above_sma50,3,38,38,0,0
development,BTCUSDT,4h,primary_d1,trend_sma20_cross_above_sma50,6,38,38,0,0
development,BTCUSDT,4h,sensitivity_d2,breakout_close_above_prior_high_20,1,126,98,0,28
development,BTCUSDT,4h,sensitivity_d2,breakout_close_above_prior_high_20,3,126,83,0,43
development,BTCUSDT,4h,sensitivity_d2,breakout_close_above_prior_high_20,6,126,65,1,60
development,BTCUSDT,4h,sensitivity_d2,mean_reversion_close_2pct_below_sma20,1,855,472,1,382
development,BTCUSDT,4h,sensitivity_d2,mean_reversion_close_2pct_below_sma20,3,855,271,3,581
development,BTCUSDT,4h,sensitivity_d2,mean_reversion_close_2pct_below_sma20,6,855,178,3,674
development,BTCUSDT,4h,sensitivity_d2,mean_reversion_rsi14_below_30,1,210,129,0,81
development,BTCUSDT,4h,sensitivity_d2,mean_reversion_rsi14_below_30,3,210,87,0,123
development,BTCUSDT,4h,sensitivity_d2,mean_reversion_rsi14_below_30,6,210,62,0,148
development,BTCUSDT,4h,sensitivity_d2,momentum_return_12_positive,1,1507,826,2,679
development,BTCUSDT,4h,sensitivity_d2,momentum_return_12_positive,3,1507,459,6,1042
development,BTCUSDT,4h,sensitivity_d2,momentum_return_12_positive,6,1507,293,13,1201
development,BTCUSDT,4h,sensitivity_d2,trend_sma20_cross_above_sma50,1,38,38,0,0
development,BTCUSDT,4h,sensitivity_d2,trend_sma20_cross_above_sma50,3,38,38,0,0
development,BTCUSDT,4h,sensitivity_d2,trend_sma20_cross_above_sma50,6,38,38,0,0
development,ETHUSDT,1h,primary_d1,breakout_close_above_prior_high_20,12,649,289,6,354
development,ETHUSDT,1h,primary_d1,breakout_close_above_prior_high_20,24,649,225,7,417
development,ETHUSDT,1h,primary_d1,breakout_close_above_prior_high_20,4,649,394,2,253
development,ETHUSDT,1h,primary_d1,mean_reversion_close_2pct_below_sma20,12,2105,320,8,1777
development,ETHUSDT,1h,primary_d1,mean_reversion_close_2pct_below_sma20,24,2105,222,8,1875
development,ETHUSDT,1h,primary_d1,mean_reversion_close_2pct_below_sma20,4,2105,597,3,1505
development,ETHUSDT,1h,primary_d1,mean_reversion_rsi14_below_30,12,760,158,2,600
development,ETHUSDT,1h,primary_d1,mean_reversion_rsi14_below_30,24,760,120,2,638
development,ETHUSDT,1h,primary_d1,mean_reversion_rsi14_below_30,4,760,251,0,509
development,ETHUSDT,1h,primary_d1,momentum_return_12_positive,12,6583,750,16,5817
development,ETHUSDT,1h,primary_d1,momentum_return_12_positive,24,6583,446,23,6114
development,ETHUSDT,1h,primary_d1,momentum_return_12_positive,4,6583,1640,4,4939
development,ETHUSDT,1h,primary_d1,trend_sma20_cross_above_sma50,12,161,156,0,5
development,ETHUSDT,1h,primary_d1,trend_sma20_cross_above_sma50,24,161,147,2,12
development,ETHUSDT,1h,primary_d1,trend_sma20_cross_above_sma50,4,161,158,0,3
development,ETHUSDT,1h,sensitivity_d2,breakout_close_above_prior_high_20,12,649,289,6,354
development,ETHUSDT,1h,sensitivity_d2,breakout_close_above_prior_high_20,24,649,225,7,417
development,ETHUSDT,1h,sensitivity_d2,breakout_close_above_prior_high_20,4,649,394,2,253
development,ETHUSDT,1h,sensitivity_d2,mean_reversion_close_2pct_below_sma20,12,2105,320,8,1777
development,ETHUSDT,1h,sensitivity_d2,mean_reversion_close_2pct_below_sma20,24,2105,222,8,1875
development,ETHUSDT,1h,sensitivity_d2,mean_reversion_close_2pct_below_sma20,4,2105,597,3,1505
development,ETHUSDT,1h,sensitivity_d2,mean_reversion_rsi14_below_30,12,760,158,2,600
development,ETHUSDT,1h,sensitivity_d2,mean_reversion_rsi14_below_30,24,760,120,2,638
development,ETHUSDT,1h,sensitivity_d2,mean_reversion_rsi14_below_30,4,760,251,0,509
development,ETHUSDT,1h,sensitivity_d2,momentum_return_12_positive,12,6583,750,16,5817
development,ETHUSDT,1h,sensitivity_d2,momentum_return_12_positive,24,6583,446,23,6114
development,ETHUSDT,1h,sensitivity_d2,momentum_return_12_positive,4,6583,1640,4,4939
development,ETHUSDT,1h,sensitivity_d2,trend_sma20_cross_above_sma50,12,161,156,0,5
development,ETHUSDT,1h,sensitivity_d2,trend_sma20_cross_above_sma50,24,161,147,2,12
development,ETHUSDT,1h,sensitivity_d2,trend_sma20_cross_above_sma50,4,161,158,0,3
development,ETHUSDT,4h,primary_d1,breakout_close_above_prior_high_20,1,166,132,1,33
development,ETHUSDT,4h,primary_d1,breakout_close_above_prior_high_20,3,166,105,3,58
development,ETHUSDT,4h,primary_d1,breakout_close_above_prior_high_20,6,166,89,4,73
development,ETHUSDT,4h,primary_d1,mean_reversion_close_2pct_below_sma20,1,977,528,1,448
development,ETHUSDT,4h,primary_d1,mean_reversion_close_2pct_below_sma20,3,977,303,3,671
development,ETHUSDT,4h,primary_d1,mean_reversion_close_2pct_below_sma20,6,977,196,3,778
development,ETHUSDT,4h,primary_d1,mean_reversion_rsi14_below_30,1,211,122,0,89
development,ETHUSDT,4h,primary_d1,mean_reversion_rsi14_below_30,3,211,77,0,134
development,ETHUSDT,4h,primary_d1,mean_reversion_rsi14_below_30,6,211,58,0,153
development,ETHUSDT,4h,primary_d1,momentum_return_12_positive,1,1615,874,3,738
development,ETHUSDT,4h,primary_d1,momentum_return_12_positive,3,1615,485,7,1123
development,ETHUSDT,4h,primary_d1,momentum_return_12_positive,6,1615,310,11,1294
development,ETHUSDT,4h,primary_d1,trend_sma20_cross_above_sma50,1,37,37,0,0
development,ETHUSDT,4h,primary_d1,trend_sma20_cross_above_sma50,3,37,36,1,0
development,ETHUSDT,4h,primary_d1,trend_sma20_cross_above_sma50,6,37,36,1,0
development,ETHUSDT,4h,sensitivity_d2,breakout_close_above_prior_high_20,1,166,132,1,33
development,ETHUSDT,4h,sensitivity_d2,breakout_close_above_prior_high_20,3,166,105,3,58
development,ETHUSDT,4h,sensitivity_d2,breakout_close_above_prior_high_20,6,166,89,4,73
development,ETHUSDT,4h,sensitivity_d2,mean_reversion_close_2pct_below_sma20,1,977,528,1,448
development,ETHUSDT,4h,sensitivity_d2,mean_reversion_close_2pct_below_sma20,3,977,303,3,671
development,ETHUSDT,4h,sensitivity_d2,mean_reversion_close_2pct_below_sma20,6,977,196,3,778
development,ETHUSDT,4h,sensitivity_d2,mean_reversion_rsi14_below_30,1,211,122,0,89
development,ETHUSDT,4h,sensitivity_d2,mean_reversion_rsi14_below_30,3,211,77,0,134
development,ETHUSDT,4h,sensitivity_d2,mean_reversion_rsi14_below_30,6,211,58,0,153
development,ETHUSDT,4h,sensitivity_d2,momentum_return_12_positive,1,1615,874,3,738
development,ETHUSDT,4h,sensitivity_d2,momentum_return_12_positive,3,1615,485,7,1123
development,ETHUSDT,4h,sensitivity_d2,momentum_return_12_positive,6,1615,310,11,1294
development,ETHUSDT,4h,sensitivity_d2,trend_sma20_cross_above_sma50,1,37,37,0,0
development,ETHUSDT,4h,sensitivity_d2,trend_sma20_cross_above_sma50,3,37,36,1,0
development,ETHUSDT,4h,sensitivity_d2,trend_sma20_cross_above_sma50,6,37,36,1,0
development,SOLUSDT,1h,primary_d1,breakout_close_above_prior_high_20,12,585,267,3,315
development,SOLUSDT,1h,primary_d1,breakout_close_above_prior_high_20,24,585,211,7,367
development,SOLUSDT,1h,primary_d1,breakout_close_above_prior_high_20,4,585,362,2,221
development,SOLUSDT,1h,primary_d1,mean_reversion_close_2pct_below_sma20,12,2889,420,8,2461
development,SOLUSDT,1h,primary_d1,mean_reversion_close_2pct_below_sma20,24,2889,293,9,2587
development,SOLUSDT,1h,primary_d1,mean_reversion_close_2pct_below_sma20,4,2889,799,4,2086
development,SOLUSDT,1h,primary_d1,mean_reversion_rsi14_below_30,12,610,151,0,459
development,SOLUSDT,1h,primary_d1,mean_reversion_rsi14_below_30,24,610,116,0,494
development,SOLUSDT,1h,primary_d1,mean_reversion_rsi14_below_30,4,610,226,0,384
development,SOLUSDT,1h,primary_d1,momentum_return_12_positive,12,6155,721,22,5412
development,SOLUSDT,1h,primary_d1,momentum_return_12_positive,24,6155,432,45,5678
development,SOLUSDT,1h,primary_d1,momentum_return_12_positive,4,6155,1543,10,4602
development,SOLUSDT,1h,primary_d1,trend_sma20_cross_above_sma50,12,147,143,0,4
development,SOLUSDT,1h,primary_d1,trend_sma20_cross_above_sma50,24,147,140,0,7
development,SOLUSDT,1h,primary_d1,trend_sma20_cross_above_sma50,4,147,146,0,1
development,SOLUSDT,1h,sensitivity_d2,breakout_close_above_prior_high_20,12,585,267,3,315
development,SOLUSDT,1h,sensitivity_d2,breakout_close_above_prior_high_20,24,585,211,7,367
development,SOLUSDT,1h,sensitivity_d2,breakout_close_above_prior_high_20,4,585,362,2,221
development,SOLUSDT,1h,sensitivity_d2,mean_reversion_close_2pct_below_sma20,12,2889,420,8,2461
development,SOLUSDT,1h,sensitivity_d2,mean_reversion_close_2pct_below_sma20,24,2889,293,9,2587
development,SOLUSDT,1h,sensitivity_d2,mean_reversion_close_2pct_below_sma20,4,2889,799,4,2086
development,SOLUSDT,1h,sensitivity_d2,mean_reversion_rsi14_below_30,12,610,151,0,459
development,SOLUSDT,1h,sensitivity_d2,mean_reversion_rsi14_below_30,24,610,116,0,494
development,SOLUSDT,1h,sensitivity_d2,mean_reversion_rsi14_below_30,4,610,226,0,384
development,SOLUSDT,1h,sensitivity_d2,momentum_return_12_positive,12,6155,721,22,5412
development,SOLUSDT,1h,sensitivity_d2,momentum_return_12_positive,24,6155,432,45,5678
development,SOLUSDT,1h,sensitivity_d2,momentum_return_12_positive,4,6155,1543,10,4602
development,SOLUSDT,1h,sensitivity_d2,trend_sma20_cross_above_sma50,12,147,143,0,4
development,SOLUSDT,1h,sensitivity_d2,trend_sma20_cross_above_sma50,24,147,140,0,7
development,SOLUSDT,1h,sensitivity_d2,trend_sma20_cross_above_sma50,4,147,146,0,1
development,SOLUSDT,4h,primary_d1,breakout_close_above_prior_high_20,1,133,107,1,25
development,SOLUSDT,4h,primary_d1,breakout_close_above_prior_high_20,3,133,87,3,43
development,SOLUSDT,4h,primary_d1,breakout_close_above_prior_high_20,6,133,74,3,56
development,SOLUSDT,4h,primary_d1,mean_reversion_close_2pct_below_sma20,1,1250,671,0,579
development,SOLUSDT,4h,primary_d1,mean_reversion_close_2pct_below_sma20,3,1250,382,0,868
development,SOLUSDT,4h,primary_d1,mean_reversion_close_2pct_below_sma20,6,1250,243,0,1007
development,SOLUSDT,4h,primary_d1,mean_reversion_rsi14_below_30,1,181,110,0,71
development,SOLUSDT,4h,primary_d1,mean_reversion_rsi14_below_30,3,181,76,0,105
development,SOLUSDT,4h,primary_d1,mean_reversion_rsi14_below_30,6,181,53,0,128
development,SOLUSDT,4h,primary_d1,momentum_return_12_positive,1,1465,791,5,669
development,SOLUSDT,4h,primary_d1,momentum_return_12_positive,3,1465,440,14,1011
development,SOLUSDT,4h,primary_d1,momentum_return_12_positive,6,1465,284,9,1172
development,SOLUSDT,4h,primary_d1,trend_sma20_cross_above_sma50,1,32,32,0,0
development,SOLUSDT,4h,primary_d1,trend_sma20_cross_above_sma50,3,32,32,0,0
development,SOLUSDT,4h,primary_d1,trend_sma20_cross_above_sma50,6,32,32,0,0
development,SOLUSDT,4h,sensitivity_d2,breakout_close_above_prior_high_20,1,133,107,1,25
development,SOLUSDT,4h,sensitivity_d2,breakout_close_above_prior_high_20,3,133,87,3,43
development,SOLUSDT,4h,sensitivity_d2,breakout_close_above_prior_high_20,6,133,74,3,56
development,SOLUSDT,4h,sensitivity_d2,mean_reversion_close_2pct_below_sma20,1,1250,671,0,579
development,SOLUSDT,4h,sensitivity_d2,mean_reversion_close_2pct_below_sma20,3,1250,382,0,868
development,SOLUSDT,4h,sensitivity_d2,mean_reversion_close_2pct_below_sma20,6,1250,243,0,1007
development,SOLUSDT,4h,sensitivity_d2,mean_reversion_rsi14_below_30,1,181,110,0,71
development,SOLUSDT,4h,sensitivity_d2,mean_reversion_rsi14_below_30,3,181,76,0,105
development,SOLUSDT,4h,sensitivity_d2,mean_reversion_rsi14_below_30,6,181,53,0,128
development,SOLUSDT,4h,sensitivity_d2,momentum_return_12_positive,1,1465,791,5,669
development,SOLUSDT,4h,sensitivity_d2,momentum_return_12_positive,3,1465,440,14,1011
development,SOLUSDT,4h,sensitivity_d2,momentum_return_12_positive,6,1465,284,9,1172
development,SOLUSDT,4h,sensitivity_d2,trend_sma20_cross_above_sma50,1,32,32,0,0
development,SOLUSDT,4h,sensitivity_d2,trend_sma20_cross_above_sma50,3,32,32,0,0
development,SOLUSDT,4h,sensitivity_d2,trend_sma20_cross_above_sma50,6,32,32,0,0
validation,BTCUSDT,1h,primary_d1,breakout_close_above_prior_high_20,12,313,150,0,163
validation,BTCUSDT,1h,primary_d1,breakout_close_above_prior_high_20,24,313,127,0,186
validation,BTCUSDT,1h,primary_d1,breakout_close_above_prior_high_20,4,313,190,0,123
validation,BTCUSDT,1h,primary_d1,mean_reversion_close_2pct_below_sma20,12,172,41,0,131
validation,BTCUSDT,1h,primary_d1,mean_reversion_close_2pct_below_sma20,24,172,36,0,136
validation,BTCUSDT,1h,primary_d1,mean_reversion_close_2pct_below_sma20,4,172,63,0,109
validation,BTCUSDT,1h,primary_d1,mean_reversion_rsi14_below_30,12,324,69,0,255
validation,BTCUSDT,1h,primary_d1,mean_reversion_rsi14_below_30,24,324,52,0,272
validation,BTCUSDT,1h,primary_d1,mean_reversion_rsi14_below_30,4,324,113,0,211
validation,BTCUSDT,1h,primary_d1,momentum_return_12_positive,12,4126,471,5,3650
validation,BTCUSDT,1h,primary_d1,momentum_return_12_positive,24,4126,272,20,3834
validation,BTCUSDT,1h,primary_d1,momentum_return_12_positive,4,4126,1049,0,3077
validation,BTCUSDT,1h,primary_d1,trend_sma20_cross_above_sma50,12,105,98,0,7
validation,BTCUSDT,1h,primary_d1,trend_sma20_cross_above_sma50,24,105,95,1,9
validation,BTCUSDT,1h,primary_d1,trend_sma20_cross_above_sma50,4,105,104,0,1
validation,BTCUSDT,1h,sensitivity_d2,breakout_close_above_prior_high_20,12,313,150,0,163
validation,BTCUSDT,1h,sensitivity_d2,breakout_close_above_prior_high_20,24,313,127,0,186
validation,BTCUSDT,1h,sensitivity_d2,breakout_close_above_prior_high_20,4,313,190,0,123
validation,BTCUSDT,1h,sensitivity_d2,mean_reversion_close_2pct_below_sma20,12,172,41,0,131
validation,BTCUSDT,1h,sensitivity_d2,mean_reversion_close_2pct_below_sma20,24,172,36,0,136
validation,BTCUSDT,1h,sensitivity_d2,mean_reversion_close_2pct_below_sma20,4,172,63,0,109
validation,BTCUSDT,1h,sensitivity_d2,mean_reversion_rsi14_below_30,12,324,69,0,255
validation,BTCUSDT,1h,sensitivity_d2,mean_reversion_rsi14_below_30,24,324,52,0,272
validation,BTCUSDT,1h,sensitivity_d2,mean_reversion_rsi14_below_30,4,324,113,0,211
validation,BTCUSDT,1h,sensitivity_d2,momentum_return_12_positive,12,4126,471,5,3650
validation,BTCUSDT,1h,sensitivity_d2,momentum_return_12_positive,24,4126,272,20,3834
validation,BTCUSDT,1h,sensitivity_d2,momentum_return_12_positive,4,4126,1049,0,3077
validation,BTCUSDT,1h,sensitivity_d2,trend_sma20_cross_above_sma50,12,105,98,0,7
validation,BTCUSDT,1h,sensitivity_d2,trend_sma20_cross_above_sma50,24,105,95,1,9
validation,BTCUSDT,1h,sensitivity_d2,trend_sma20_cross_above_sma50,4,105,104,0,1
validation,BTCUSDT,4h,primary_d1,breakout_close_above_prior_high_20,1,93,73,0,20
validation,BTCUSDT,4h,primary_d1,breakout_close_above_prior_high_20,3,93,60,0,33
validation,BTCUSDT,4h,primary_d1,breakout_close_above_prior_high_20,6,93,52,0,41
validation,BTCUSDT,4h,primary_d1,mean_reversion_close_2pct_below_sma20,1,173,97,0,76
validation,BTCUSDT,4h,primary_d1,mean_reversion_close_2pct_below_sma20,3,173,55,0,118
validation,BTCUSDT,4h,primary_d1,mean_reversion_close_2pct_below_sma20,6,173,39,0,134
validation,BTCUSDT,4h,primary_d1,mean_reversion_rsi14_below_30,1,85,45,0,40
validation,BTCUSDT,4h,primary_d1,mean_reversion_rsi14_below_30,3,85,29,0,56
validation,BTCUSDT,4h,primary_d1,mean_reversion_rsi14_below_30,6,85,21,0,64
validation,BTCUSDT,4h,primary_d1,momentum_return_12_positive,1,1087,591,1,495
validation,BTCUSDT,4h,primary_d1,momentum_return_12_positive,3,1087,327,1,759
validation,BTCUSDT,4h,primary_d1,momentum_return_12_positive,6,1087,202,9,876
validation,BTCUSDT,4h,primary_d1,trend_sma20_cross_above_sma50,1,20,20,0,0
validation,BTCUSDT,4h,primary_d1,trend_sma20_cross_above_sma50,3,20,20,0,0
validation,BTCUSDT,4h,primary_d1,trend_sma20_cross_above_sma50,6,20,20,0,0
validation,BTCUSDT,4h,sensitivity_d2,breakout_close_above_prior_high_20,1,93,73,0,20
validation,BTCUSDT,4h,sensitivity_d2,breakout_close_above_prior_high_20,3,93,60,0,33
validation,BTCUSDT,4h,sensitivity_d2,breakout_close_above_prior_high_20,6,93,52,0,41
validation,BTCUSDT,4h,sensitivity_d2,mean_reversion_close_2pct_below_sma20,1,173,97,0,76
validation,BTCUSDT,4h,sensitivity_d2,mean_reversion_close_2pct_below_sma20,3,173,55,0,118
validation,BTCUSDT,4h,sensitivity_d2,mean_reversion_close_2pct_below_sma20,6,173,39,0,134
validation,BTCUSDT,4h,sensitivity_d2,mean_reversion_rsi14_below_30,1,85,45,0,40
validation,BTCUSDT,4h,sensitivity_d2,mean_reversion_rsi14_below_30,3,85,29,0,56
validation,BTCUSDT,4h,sensitivity_d2,mean_reversion_rsi14_below_30,6,85,21,0,64
validation,BTCUSDT,4h,sensitivity_d2,momentum_return_12_positive,1,1087,591,1,495
validation,BTCUSDT,4h,sensitivity_d2,momentum_return_12_positive,3,1087,327,1,759
validation,BTCUSDT,4h,sensitivity_d2,momentum_return_12_positive,6,1087,202,9,876
validation,BTCUSDT,4h,sensitivity_d2,trend_sma20_cross_above_sma50,1,20,20,0,0
validation,BTCUSDT,4h,sensitivity_d2,trend_sma20_cross_above_sma50,3,20,20,0,0
validation,BTCUSDT,4h,sensitivity_d2,trend_sma20_cross_above_sma50,6,20,20,0,0
validation,ETHUSDT,1h,primary_d1,breakout_close_above_prior_high_20,12,290,164,0,126
validation,ETHUSDT,1h,primary_d1,breakout_close_above_prior_high_20,24,290,136,0,154
validation,ETHUSDT,1h,primary_d1,breakout_close_above_prior_high_20,4,290,196,0,94
validation,ETHUSDT,1h,primary_d1,mean_reversion_close_2pct_below_sma20,12,252,55,0,197
validation,ETHUSDT,1h,primary_d1,mean_reversion_close_2pct_below_sma20,24,252,49,0,203
validation,ETHUSDT,1h,primary_d1,mean_reversion_close_2pct_below_sma20,4,252,82,0,170
validation,ETHUSDT,1h,primary_d1,mean_reversion_rsi14_below_30,12,314,75,0,239
validation,ETHUSDT,1h,primary_d1,mean_reversion_rsi14_below_30,24,314,65,0,249
validation,ETHUSDT,1h,primary_d1,mean_reversion_rsi14_below_30,4,314,113,0,201
validation,ETHUSDT,1h,primary_d1,momentum_return_12_positive,12,3935,465,2,3468
validation,ETHUSDT,1h,primary_d1,momentum_return_12_positive,24,3935,273,18,3644
validation,ETHUSDT,1h,primary_d1,momentum_return_12_positive,4,3935,1006,1,2928
validation,ETHUSDT,1h,primary_d1,trend_sma20_cross_above_sma50,12,92,91,0,1
validation,ETHUSDT,1h,primary_d1,trend_sma20_cross_above_sma50,24,92,87,0,5
validation,ETHUSDT,1h,primary_d1,trend_sma20_cross_above_sma50,4,92,92,0,0
validation,ETHUSDT,1h,sensitivity_d2,breakout_close_above_prior_high_20,12,290,164,0,126
validation,ETHUSDT,1h,sensitivity_d2,breakout_close_above_prior_high_20,24,290,136,0,154
validation,ETHUSDT,1h,sensitivity_d2,breakout_close_above_prior_high_20,4,290,196,0,94
validation,ETHUSDT,1h,sensitivity_d2,mean_reversion_close_2pct_below_sma20,12,252,55,0,197
validation,ETHUSDT,1h,sensitivity_d2,mean_reversion_close_2pct_below_sma20,24,252,49,0,203
validation,ETHUSDT,1h,sensitivity_d2,mean_reversion_close_2pct_below_sma20,4,252,82,0,170
validation,ETHUSDT,1h,sensitivity_d2,mean_reversion_rsi14_below_30,12,314,75,0,239
validation,ETHUSDT,1h,sensitivity_d2,mean_reversion_rsi14_below_30,24,314,65,0,249
validation,ETHUSDT,1h,sensitivity_d2,mean_reversion_rsi14_below_30,4,314,113,0,201
validation,ETHUSDT,1h,sensitivity_d2,momentum_return_12_positive,12,3935,465,2,3468
validation,ETHUSDT,1h,sensitivity_d2,momentum_return_12_positive,24,3935,273,18,3644
validation,ETHUSDT,1h,sensitivity_d2,momentum_return_12_positive,4,3935,1006,1,2928
validation,ETHUSDT,1h,sensitivity_d2,trend_sma20_cross_above_sma50,12,92,91,0,1
validation,ETHUSDT,1h,sensitivity_d2,trend_sma20_cross_above_sma50,24,92,87,0,5
validation,ETHUSDT,1h,sensitivity_d2,trend_sma20_cross_above_sma50,4,92,92,0,0
validation,ETHUSDT,4h,primary_d1,breakout_close_above_prior_high_20,1,86,69,0,17
validation,ETHUSDT,4h,primary_d1,breakout_close_above_prior_high_20,3,86,57,0,29
validation,ETHUSDT,4h,primary_d1,breakout_close_above_prior_high_20,6,86,49,0,37
validation,ETHUSDT,4h,primary_d1,mean_reversion_close_2pct_below_sma20,1,228,131,0,97
validation,ETHUSDT,4h,primary_d1,mean_reversion_close_2pct_below_sma20,3,228,81,0,147
validation,ETHUSDT,4h,primary_d1,mean_reversion_close_2pct_below_sma20,6,228,58,0,170
validation,ETHUSDT,4h,primary_d1,mean_reversion_rsi14_below_30,1,74,44,0,30
validation,ETHUSDT,4h,primary_d1,mean_reversion_rsi14_below_30,3,74,30,0,44
validation,ETHUSDT,4h,primary_d1,mean_reversion_rsi14_below_30,6,74,21,0,53
validation,ETHUSDT,4h,primary_d1,momentum_return_12_positive,1,1015,552,0,463
validation,ETHUSDT,4h,primary_d1,momentum_return_12_positive,3,1015,311,1,703
validation,ETHUSDT,4h,primary_d1,momentum_return_12_positive,6,1015,197,0,818
validation,ETHUSDT,4h,primary_d1,trend_sma20_cross_above_sma50,1,21,21,0,0
validation,ETHUSDT,4h,primary_d1,trend_sma20_cross_above_sma50,3,21,21,0,0
validation,ETHUSDT,4h,primary_d1,trend_sma20_cross_above_sma50,6,21,21,0,0
validation,ETHUSDT,4h,sensitivity_d2,breakout_close_above_prior_high_20,1,86,69,0,17
validation,ETHUSDT,4h,sensitivity_d2,breakout_close_above_prior_high_20,3,86,57,0,29
validation,ETHUSDT,4h,sensitivity_d2,breakout_close_above_prior_high_20,6,86,49,0,37
validation,ETHUSDT,4h,sensitivity_d2,mean_reversion_close_2pct_below_sma20,1,228,131,0,97
validation,ETHUSDT,4h,sensitivity_d2,mean_reversion_close_2pct_below_sma20,3,228,81,0,147
validation,ETHUSDT,4h,sensitivity_d2,mean_reversion_close_2pct_below_sma20,6,228,58,0,170
validation,ETHUSDT,4h,sensitivity_d2,mean_reversion_rsi14_below_30,1,74,44,0,30
validation,ETHUSDT,4h,sensitivity_d2,mean_reversion_rsi14_below_30,3,74,30,0,44
validation,ETHUSDT,4h,sensitivity_d2,mean_reversion_rsi14_below_30,6,74,21,0,53
validation,ETHUSDT,4h,sensitivity_d2,momentum_return_12_positive,1,1015,552,0,463
validation,ETHUSDT,4h,sensitivity_d2,momentum_return_12_positive,3,1015,311,1,703
validation,ETHUSDT,4h,sensitivity_d2,momentum_return_12_positive,6,1015,197,0,818
validation,ETHUSDT,4h,sensitivity_d2,trend_sma20_cross_above_sma50,1,21,21,0,0
validation,ETHUSDT,4h,sensitivity_d2,trend_sma20_cross_above_sma50,3,21,21,0,0
validation,ETHUSDT,4h,sensitivity_d2,trend_sma20_cross_above_sma50,6,21,21,0,0
validation,SOLUSDT,1h,primary_d1,breakout_close_above_prior_high_20,12,356,157,0,199
validation,SOLUSDT,1h,primary_d1,breakout_close_above_prior_high_20,24,356,128,0,228
validation,SOLUSDT,1h,primary_d1,breakout_close_above_prior_high_20,4,356,215,0,141
validation,SOLUSDT,1h,primary_d1,mean_reversion_close_2pct_below_sma20,12,909,166,1,742
validation,SOLUSDT,1h,primary_d1,mean_reversion_close_2pct_below_sma20,24,909,127,2,780
validation,SOLUSDT,1h,primary_d1,mean_reversion_close_2pct_below_sma20,4,909,284,1,624
validation,SOLUSDT,1h,primary_d1,mean_reversion_rsi14_below_30,12,246,67,0,179
validation,SOLUSDT,1h,primary_d1,mean_reversion_rsi14_below_30,24,246,57,0,189
validation,SOLUSDT,1h,primary_d1,mean_reversion_rsi14_below_30,4,246,97,0,149
validation,SOLUSDT,1h,primary_d1,momentum_return_12_positive,12,4097,461,3,3633
validation,SOLUSDT,1h,primary_d1,momentum_return_12_positive,24,4097,279,16,3802
validation,SOLUSDT,1h,primary_d1,momentum_return_12_positive,4,4097,1026,0,3071
validation,SOLUSDT,1h,primary_d1,trend_sma20_cross_above_sma50,12,92,91,0,1
validation,SOLUSDT,1h,primary_d1,trend_sma20_cross_above_sma50,24,92,88,0,4
validation,SOLUSDT,1h,primary_d1,trend_sma20_cross_above_sma50,4,92,92,0,0
validation,SOLUSDT,1h,sensitivity_d2,breakout_close_above_prior_high_20,12,356,157,0,199
validation,SOLUSDT,1h,sensitivity_d2,breakout_close_above_prior_high_20,24,356,128,0,228
validation,SOLUSDT,1h,sensitivity_d2,breakout_close_above_prior_high_20,4,356,215,0,141
validation,SOLUSDT,1h,sensitivity_d2,mean_reversion_close_2pct_below_sma20,12,909,166,1,742
validation,SOLUSDT,1h,sensitivity_d2,mean_reversion_close_2pct_below_sma20,24,909,127,2,780
validation,SOLUSDT,1h,sensitivity_d2,mean_reversion_close_2pct_below_sma20,4,909,284,1,624
validation,SOLUSDT,1h,sensitivity_d2,mean_reversion_rsi14_below_30,12,246,67,0,179
validation,SOLUSDT,1h,sensitivity_d2,mean_reversion_rsi14_below_30,24,246,57,0,189
validation,SOLUSDT,1h,sensitivity_d2,mean_reversion_rsi14_below_30,4,246,97,0,149
validation,SOLUSDT,1h,sensitivity_d2,momentum_return_12_positive,12,4097,461,3,3633
validation,SOLUSDT,1h,sensitivity_d2,momentum_return_12_positive,24,4097,279,16,3802
validation,SOLUSDT,1h,sensitivity_d2,momentum_return_12_positive,4,4097,1026,0,3071
validation,SOLUSDT,1h,sensitivity_d2,trend_sma20_cross_above_sma50,12,92,91,0,1
validation,SOLUSDT,1h,sensitivity_d2,trend_sma20_cross_above_sma50,24,92,88,0,4
validation,SOLUSDT,1h,sensitivity_d2,trend_sma20_cross_above_sma50,4,92,92,0,0
validation,SOLUSDT,4h,primary_d1,breakout_close_above_prior_high_20,1,109,84,0,25
validation,SOLUSDT,4h,primary_d1,breakout_close_above_prior_high_20,3,109,71,0,38
validation,SOLUSDT,4h,primary_d1,breakout_close_above_prior_high_20,6,109,55,0,54
validation,SOLUSDT,4h,primary_d1,mean_reversion_close_2pct_below_sma20,1,480,271,2,207
validation,SOLUSDT,4h,primary_d1,mean_reversion_close_2pct_below_sma20,3,480,157,1,322
validation,SOLUSDT,4h,primary_d1,mean_reversion_close_2pct_below_sma20,6,480,99,4,377
validation,SOLUSDT,4h,primary_d1,mean_reversion_rsi14_below_30,1,53,35,0,18
validation,SOLUSDT,4h,primary_d1,mean_reversion_rsi14_below_30,3,53,24,0,29
validation,SOLUSDT,4h,primary_d1,mean_reversion_rsi14_below_30,6,53,18,0,35
validation,SOLUSDT,4h,primary_d1,momentum_return_12_positive,1,1060,567,0,493
validation,SOLUSDT,4h,primary_d1,momentum_return_12_positive,3,1060,309,0,751
validation,SOLUSDT,4h,primary_d1,momentum_return_12_positive,6,1060,195,1,864
validation,SOLUSDT,4h,primary_d1,trend_sma20_cross_above_sma50,1,23,23,0,0
validation,SOLUSDT,4h,primary_d1,trend_sma20_cross_above_sma50,3,23,23,0,0
validation,SOLUSDT,4h,primary_d1,trend_sma20_cross_above_sma50,6,23,22,0,1
validation,SOLUSDT,4h,sensitivity_d2,breakout_close_above_prior_high_20,1,109,84,0,25
validation,SOLUSDT,4h,sensitivity_d2,breakout_close_above_prior_high_20,3,109,71,0,38
validation,SOLUSDT,4h,sensitivity_d2,breakout_close_above_prior_high_20,6,109,55,0,54
validation,SOLUSDT,4h,sensitivity_d2,mean_reversion_close_2pct_below_sma20,1,480,271,2,207
validation,SOLUSDT,4h,sensitivity_d2,mean_reversion_close_2pct_below_sma20,3,480,157,1,322
validation,SOLUSDT,4h,sensitivity_d2,mean_reversion_close_2pct_below_sma20,6,480,99,4,377
validation,SOLUSDT,4h,sensitivity_d2,mean_reversion_rsi14_below_30,1,53,35,0,18
validation,SOLUSDT,4h,sensitivity_d2,mean_reversion_rsi14_below_30,3,53,24,0,29
validation,SOLUSDT,4h,sensitivity_d2,mean_reversion_rsi14_below_30,6,53,18,0,35
validation,SOLUSDT,4h,sensitivity_d2,momentum_return_12_positive,1,1060,567,0,493
validation,SOLUSDT,4h,sensitivity_d2,momentum_return_12_positive,3,1060,309,0,751
validation,SOLUSDT,4h,sensitivity_d2,momentum_return_12_positive,6,1060,195,1,864
validation,SOLUSDT,4h,sensitivity_d2,trend_sma20_cross_above_sma50,1,23,23,0,0
validation,SOLUSDT,4h,sensitivity_d2,trend_sma20_cross_above_sma50,3,23,23,0,0
validation,SOLUSDT,4h,sensitivity_d2,trend_sma20_cross_above_sma50,6,23,22,0,1
